datahora,satelite,pais,estado,municipio,bioma,diasemchuva,precipitacao,riscofogo,latitude,longitude,frp,areaprotegida
2019/12/04 15:36:00,NPP-375,Brasil,BAHIA,MUCUGE,Caatinga,8,0.0,0.9,-13.07556,-41.44765,9.6,PARNA DA CHAPADA DA DIAMANTINA
2019/12/12 03:03:37,NOAA-20,Brasil,BAHIA,MUCUGE,Caatinga,8,0.0,0.8,-13.23229,-41.33087,,PARNA DA CHAPADA DA DIAMANTINA
2019/05/26 15:36:00,NPP-375,Brasil,BAHIA,IBICOARA,Caatinga,9,0.0,1.0,-13.30729,-41.33654,5.6,PARNA DA CHAPADA DA DIAMANTINA
2019/06/20 23:18:46,NOAA-18,Brasil,BAHIA,MUCUGE,Caatinga,34,0.0,1.0,-13.108791,-41.461979,,PARNA DA CHAPADA DA DIAMANTINA
2019/06/22 03:45:59,NOAA-20,Brasil,BAHIA,MUCUGE,Caatinga,36,0.0,1.0,-13.10438,-41.42633,,PARNA DA CHAPADA DA DIAMANTINA
2019/07/30 17:00:00,NPP-375,Brasil,BAHIA,MUCUGE,Caatinga,68,0.0,1.0,-13.09912,-41.42712,7.2,PARNA DA CHAPADA DA DIAMANTINA
2019/10/14 04:00:00,NPP-375,Brasil,BAHIA,LENCOIS,Caatinga,11,0.0,1.0,-12.39069,-41.41032,1.3,PARNA DA CHAPADA DA DIAMANTINA
2019/06/22 03:45:59,NOAA-20,Brasil,BAHIA,MUCUGE,Caatinga,36,0.0,1.0,-13.10081,-41.42566,,PARNA DA CHAPADA DA DIAMANTINA
2019/06/21 00:04:05,GOES-16,Brasil,BAHIA,MUCUGE,Caatinga,35,0.0,1.0,-13.1,-41.4,,PARNA DA CHAPADA DA DIAMANTINA
2019/06/04 16:06:00,NPP-375,Brasil,BAHIA,MUCUGE,Caatinga,17,0.0,0.7,-13.2436,-41.33295,4.4,PARNA DA CHAPADA DA DIAMANTINA
2019/11/11 03:36:00,NPP-375,Brasil,BAHIA,MUCUGE,Caatinga,18,0.0,1.0,-13.178729999999998,-41.3829,1.3,PARNA DA CHAPADA DA DIAMANTINA
2019/10/09 15:31:37,NOAA-20,Brasil,BAHIA,PALMEIRAS,Caatinga,9,0.0,0.9,-12.53874,-41.52832,,PARNA DA CHAPADA DA DIAMANTINA
2019/09/22 16:48:00,NPP-375,Brasil,BAHIA,ITAETE,Caatinga,60,0.0,1.0,-13.12248,-41.13913,12.8,PARNA DA CHAPADA DA DIAMANTINA
2019/10/14 16:36:00,NPP-375,Brasil,BAHIA,LENCOIS,Caatinga,11,0.0,1.0,-12.40089,-41.40807,3.8,PARNA DA CHAPADA DA DIAMANTINA
2019/09/18 16:24:00,NPP-375,Brasil,BAHIA,PALMEIRAS,Caatinga,37,0.0,1.0,-12.43144,-41.56374,3.9,PARNA DA CHAPADA DA DIAMANTINA
2019/09/05 17:06:00,NPP-375,Brasil,BAHIA,MUCUGE,Caatinga,111,0.0,0.9,-13.23364,-41.3612,9.7,PARNA DA CHAPADA DA DIAMANTINA
2019/06/06 03:45:45,NOAA-20,Brasil,BAHIA,IBICOARA,Caatinga,20,0.0,0.8,-13.341829999999998,-41.32333,,PARNA DA CHAPADA DA DIAMANTINA
2019/10/03 15:44:09,NOAA-20,Brasil,BAHIA,IBICOARA,Caatinga,3,0.0,1.0,-13.324279999999998,-41.39267,,PARNA DA CHAPADA DA DIAMANTINA
2019/11/20 16:10:00,AQUA_M-T,Brasil,BAHIA,MUCUGE,Caatinga,2,0.0,1.0,-13008,-41393,130.0,PARNA DA CHAPADA DA DIAMANTINA
2019/11/20 15:44:35,NOAA-20,Brasil,BAHIA,MUCUGE,Caatinga,2,0.0,1.0,-13.00757,-41.40124,,PARNA DA CHAPADA DA DIAMANTINA
2019/06/21 03:18:00,NPP-375,Brasil,BAHIA,MUCUGE,Caatinga,35,0.0,1.0,-13.10184,-41.42829,3.0,PARNA DA CHAPADA DA DIAMANTINA
2019/06/21 03:18:00,NPP-375,Brasil,BAHIA,MUCUGE,Caatinga,35,0.0,1.0,-13.10581,-41.42494,3.0,PARNA DA CHAPADA DA DIAMANTINA
2019/08/03 21:44:05,GOES-16,Brasil,BAHIA,MUCUGE,Caatinga,55,0.0,1.0,-13.03,-41.42,,PARNA DA CHAPADA DA DIAMANTINA
2019/10/03 16:42:00,NPP-375,Brasil,BAHIA,MUCUGE,Caatinga,2,0.0,1.0,-12.98108,-41.51354,4.4,PARNA DA CHAPADA DA DIAMANTINA
2019/06/20 23:54:05,GOES-16,Brasil,BAHIA,MUCUGE,Caatinga,34,0.0,1.0,-13.1,-41.4,,PARNA DA CHAPADA DA DIAMANTINA
2019/10/25 15:31:51,NOAA-20,Brasil,BAHIA,ITAETE,Caatinga,0,0.0,0.0,-13.07115,-41.14859000000001,,PARNA DA CHAPADA DA DIAMANTINA
2019/02/03 16:19:56,NOAA-20,Brasil,BAHIA,IBICOARA,Caatinga,5,1.9,,-13.411970000000002,-41.28763,,PARNA DA CHAPADA DA DIAMANTINA
2019/12/23 16:55:00,AQUA_M-T,Brasil,BAHIA,MUCUGE,Caatinga,9,0.0,1.0,-13132,-41472,52.1,PARNA DA CHAPADA DA DIAMANTINA
2019/10/01 16:20:35,NOAA-20,Brasil,BAHIA,PALMEIRAS,Caatinga,0,0.0,0.7,-12.66869,-41.62787,,PARNA DA CHAPADA DA DIAMANTINA
2019/06/20 23:14:04,GOES-16,Brasil,BAHIA,MUCUGE,Caatinga,34,0.0,1.0,-13.1,-41.4,,PARNA DA CHAPADA DA DIAMANTINA
2019/02/14 16:13:47,NOAA-20,Brasil,BAHIA,LENCOIS,Caatinga,33,0.8,0.5,-12.51123,-41.33119,,PARNA DA CHAPADA DA DIAMANTINA
2019/12/04 16:20:46,NOAA-20,Brasil,BAHIA,MUCUGE,Caatinga,8,0.0,0.9,-13.07436,-41.44418,,PARNA DA CHAPADA DA DIAMANTINA
2019/10/14 15:38:00,NOAA-20,Brasil,BAHIA,LENCOIS,Caatinga,11,0.0,1.0,-12.38984,-41.40985,,PARNA DA CHAPADA DA DIAMANTINA
2019/04/08 16:20:52,NOAA-20,Brasil,BAHIA,MUCUGE,Caatinga,12,0.1,0.2,-13.25898,-41.32145,,PARNA DA CHAPADA DA DIAMANTINA
2019/08/25 21:04:09,MSG-03,Brasil,BAHIA,MUCUGE,Caatinga,100,0.1,1.0,-13.1,-41.5,,PARNA DA CHAPADA DA DIAMANTINA
2019/06/20 22:44:05,GOES-16,Brasil,BAHIA,MUCUGE,Caatinga,34,0.0,1.0,-13.09,-41.41,,PARNA DA CHAPADA DA DIAMANTINA
2019/12/06 16:42:00,NPP-375,Brasil,BAHIA,ITAETE,Caatinga,10,0.0,1.0,-13.13161,-41.08886,17.8,PARNA DA CHAPADA DA DIAMANTINA
2019/11/20 15:44:35,NOAA-20,Brasil,BAHIA,MUCUGE,Caatinga,2,0.0,1.0,-13.00588,-41.38791,,PARNA DA CHAPADA DA DIAMANTINA
2019/10/25 16:30:00,NPP-375,Brasil,BAHIA,ITAETE,Caatinga,0,0.0,0.0,-13.07207,-41.14605,4.0,PARNA DA CHAPADA DA DIAMANTINA
2019/04/12 16:00:00,NPP-375,Brasil,BAHIA,IBICOARA,Caatinga,0,0.0,0.2,-13.36106,-41.18865,4.7,PARNA DA CHAPADA DA DIAMANTINA
2019/06/21 17:34:05,GOES-16,Brasil,BAHIA,MUCUGE,Caatinga,34,0.0,1.0,-13.0,-41.55,,PARNA DA CHAPADA DA DIAMANTINA
2019/08/25 03:45:30,NOAA-20,Brasil,BAHIA,MUCUGE,Caatinga,99,0.0,1.0,-13.2425,-41.32318,,PARNA DA CHAPADA DA DIAMANTINA
2019/01/24 21:04:09,GOES-16,Brasil,BAHIA,LENCOIS,Caatinga,13,0.0,0.7,-12.43,-41.28,,PARNA DA CHAPADA DA DIAMANTINA
2019/09/22 15:48:53,NOAA-20,Brasil,BAHIA,ITAETE,Caatinga,60,0.0,1.0,-13.12118,-41.14008,,PARNA DA CHAPADA DA DIAMANTINA
2019/10/17 16:19:23,NOAA-20,Brasil,BAHIA,IRAQUARA,Caatinga,17,0.0,1.0,-12.36817,-41.46886,,PARNA DA CHAPADA DA DIAMANTINA
2019/04/18 16:33:38,NOAA-20,Brasil,BAHIA,IRAMAIA,Caatinga,3,1.9,0.3,-13.34206,-41.12657,,PARNA DA CHAPADA DA DIAMANTINA
2019/03/17 19:28:25,NOAA-19,Brasil,BAHIA,IRAQUARA,Caatinga,16,0.0,0.4,-12.38606,-41.43626,,PARNA DA CHAPADA DA DIAMANTINA
2019/10/06 16:25:32,NOAA-20,Brasil,BAHIA,ITAETE,Caatinga,6,0.0,0.9,-13.14298,-41.12889000000001,,PARNA DA CHAPADA DA DIAMANTINA
2019/06/20 22:32:59,NOAA-15,Brasil,BAHIA,MUCUGE,Caatinga,34,0.0,1.0,-13.093274,-41.468216,,PARNA DA CHAPADA DA DIAMANTINA
2019/07/17 16:00:00,NPP-375,Brasil,BAHIA,IBICOARA,Caatinga,21,0.0,1.0,-13.32577,-41.36712,4.9,PARNA DA CHAPADA DA DIAMANTINA
2019/11/10 16:30:00,NPP-375,Brasil,BAHIA,ITAETE,Caatinga,17,0.0,1.0,-12.95848,-41.15557,10.5,PARNA DA CHAPADA DA DIAMANTINA
2019/06/27 15:36:00,NPP-375,Brasil,BAHIA,PALMEIRAS,Caatinga,41,0.0,1.0,-12.69206,-41.49197,10.7,PARNA DA CHAPADA DA DIAMANTINA
2019/01/03 04:24:00,NPP-375,Brasil,BAHIA,MUCUGE,Caatinga,3,0.0,0.6,-13.27427,-41.33029000000001,1.0,PARNA DA CHAPADA DA DIAMANTINA
2019/07/12 03:24:00,NPP-375,Brasil,BAHIA,MUCUGE,Caatinga,50,0.0,1.0,-13.10635,-41.42334,2.1,PARNA DA CHAPADA DA DIAMANTINA
2019/03/11 16:00:00,NPP-375,Brasil,BAHIA,MUCUGE,Caatinga,12,0.0,0.9,-13.09138,-41.49248,9.8,PARNA DA CHAPADA DA DIAMANTINA
2019/06/20 22:34:05,GOES-16,Brasil,BAHIA,MUCUGE,Caatinga,34,0.0,1.0,-13.1,-41.4,,PARNA DA CHAPADA DA DIAMANTINA
2019/03/17 15:48:00,NPP-375,Brasil,BAHIA,LENCOIS,Caatinga,16,0.0,1.0,-12.3711,-41.42085,19.5,PARNA DA CHAPADA DA DIAMANTINA
2019/11/20 16:42:00,NPP-375,Brasil,BAHIA,MUCUGE,Caatinga,2,0.0,1.0,-13.00825,-41.39684000000001,6.4,PARNA DA CHAPADA DA DIAMANTINA
2019/12/30 03:18:00,NPP-375,Brasil,BAHIA,MUCUGE,Caatinga,0,1.5,0.3,-13.23171,-41.35751,1.6,PARNA DA CHAPADA DA DIAMANTINA
2019/08/08 16:35:16,NOAA-20,Brasil,BAHIA,MUCUGE,Caatinga,77,0.0,1.0,-13.10438,-41.4237,,PARNA DA CHAPADA DA DIAMANTINA
2019/12/12 00:04:05,GOES-16,Brasil,BAHIA,MUCUGE,Caatinga,10,0.0,1.0,-13.24,-41.3,,PARNA DA CHAPADA DA DIAMANTINA
2019/06/20 23:18:46,NOAA-18,Brasil,BAHIA,MUCUGE,Caatinga,34,0.0,1.0,-13.107379000000002,-41.452271,,PARNA DA CHAPADA DA DIAMANTINA
2019/12/23 16:18:00,NPP-375,Brasil,BAHIA,MUCUGE,Caatinga,9,0.0,1.0,-13.12736,-41.46634,19.3,PARNA DA CHAPADA DA DIAMANTINA
2019/04/06 16:12:00,NPP-375,Brasil,BAHIA,IBICOARA,Caatinga,10,0.0,0.7,-13259,-41.39501,2.5,PARNA DA CHAPADA DA DIAMANTINA
2019/11/23 21:34:03,GOES-16,Brasil,BAHIA,MUCUGE,Caatinga,2,0.0,1.0,-13.16,-41.34,,PARNA DA CHAPADA DA DIAMANTINA
2019/12/23 17:04:45,NOAA-20,Brasil,BAHIA,MUCUGE,Caatinga,9,0.0,1.0,-13.12508,-41.46326,,PARNA DA CHAPADA DA DIAMANTINA
2019/06/20 23:04:04,GOES-16,Brasil,BAHIA,MUCUGE,Caatinga,34,0.0,1.0,-13.09,-41.41,,PARNA DA CHAPADA DA DIAMANTINA
2019/04/18 16:33:38,NOAA-20,Brasil,BAHIA,IBICOARA,Caatinga,3,1.6,0.4,-13.35913,-41.17309,,PARNA DA CHAPADA DA DIAMANTINA
2019/06/21 21:44:04,GOES-16,Brasil,BAHIA,MUCUGE,Caatinga,35,0.0,1.0,-13.1,-41.4,,PARNA DA CHAPADA DA DIAMANTINA
2019/03/18 16:14:15,NOAA-20,Brasil,BAHIA,MUCUGE,Caatinga,19,0.0,1.0,-13.08997,-41.4879,,PARNA DA CHAPADA DA DIAMANTINA
2019/11/20 15:04:05,GOES-16,Brasil,BAHIA,MUCUGE,Caatinga,2,0.0,1.0,-13.01,-41.37,,PARNA DA CHAPADA DA DIAMANTINA
2019/03/13 15:50:00,AQUA_M-T,Brasil,BAHIA,MUCUGE,Caatinga,14,0.0,0.9,-13205,-41435,59.6,PARNA DA CHAPADA DA DIAMANTINA
2019/03/08 17:00:00,NPP-375,Brasil,BAHIA,PALMEIRAS,Caatinga,8,1.2,0.8,-12.70792,-41.56021,1.4,PARNA DA CHAPADA DA DIAMANTINA
2019/11/20 15:44:35,NOAA-20,Brasil,BAHIA,MUCUGE,Caatinga,2,0.0,1.0,-13.01148,-41.39615,,PARNA DA CHAPADA DA DIAMANTINA
2019/10/28 15:30:00,NPP-375,Brasil,BAHIA,ITAETE,Caatinga,4,0.0,0.6,-13.0792,-41.14177,9.6,PARNA DA CHAPADA DA DIAMANTINA
2019/10/20 17:03:37,NOAA-20,Brasil,BAHIA,IRAQUARA,Caatinga,19,0.0,1.0,-12.39647,-41.4385,,PARNA DA CHAPADA DA DIAMANTINA
2019/09/05 17:06:00,NPP-375,Brasil,BAHIA,MUCUGE,Caatinga,111,0.0,0.9,-13.23421,-41.36233,7.8,PARNA DA CHAPADA DA DIAMANTINA
2019/10/30 15:55:00,AQUA_M-T,Brasil,BAHIA,MUCUGE,Caatinga,6,0.0,0.8,-13008,-41394,107.2,PARNA DA CHAPADA DA DIAMANTINA
2019/12/30 03:18:00,NPP-375,Brasil,BAHIA,MUCUGE,Caatinga,0,1.5,0.3,-13.22792,-41.35859,2.7,PARNA DA CHAPADA DA DIAMANTINA
2019/10/03 14:34:04,GOES-16,Brasil,BAHIA,IBICOARA,Caatinga,3,0.0,1.0,-13.32,-41.39,,PARNA DA CHAPADA DA DIAMANTINA
2019/12/10 16:07:54,NOAA-20,Brasil,BAHIA,PALMEIRAS,Caatinga,14,0.0,0.9,-12.42549,-41.4922,,PARNA DA CHAPADA DA DIAMANTINA
2019/10/09 15:31:37,NOAA-20,Brasil,BAHIA,PALMEIRAS,Caatinga,9,0.0,0.9,-12.53968,-41.52778,,PARNA DA CHAPADA DA DIAMANTINA
2019/11/23 16:26:57,NOAA-20,Brasil,BAHIA,ITAETE,Caatinga,5,0.1,1.0,-13.01159,-41.11536,,PARNA DA CHAPADA DA DIAMANTINA
2019/03/14 15:50:22,NOAA-20,Brasil,BAHIA,IBICOARA,Caatinga,10,0.1,0.9,-13.32555,-41.34871,,PARNA DA CHAPADA DA DIAMANTINA
2019/10/26 16:06:00,NPP-375,Brasil,BAHIA,LENCOIS,Caatinga,2,0.0,0.7,-12.36797,-41.40035,2.6,PARNA DA CHAPADA DA DIAMANTINA
2019/02/10 16:48:00,NPP-375,Brasil,BAHIA,IBICOARA,Caatinga,5,0.0,0.6,-13.36638,-41.34208,8.3,PARNA DA CHAPADA DA DIAMANTINA
2019/10/14 15:38:00,NOAA-20,Brasil,BAHIA,LENCOIS,Caatinga,11,0.0,1.0,-12.38816,-41.40714000000001,,PARNA DA CHAPADA DA DIAMANTINA
2019/09/22 16:48:00,NPP-375,Brasil,BAHIA,ITAETE,Caatinga,59,0.0,1.0,-13.11764,-41.13989,12.8,PARNA DA CHAPADA DA DIAMANTINA
2019/10/03 14:04:03,GOES-16,Brasil,BAHIA,IBICOARA,Caatinga,3,0.0,1.0,-13.32,-41.39,,PARNA DA CHAPADA DA DIAMANTINA
2019/11/03 03:33:53,NOAA-20,Brasil,BAHIA,IBICOARA,Caatinga,10,0.0,0.4,-13.3641,-41.34783,,PARNA DA CHAPADA DA DIAMANTINA
2019/06/20 22:32:59,NOAA-15,Brasil,BAHIA,MUCUGE,Caatinga,34,0.0,1.0,-13.088355,-41.443481,,PARNA DA CHAPADA DA DIAMANTINA
2019/06/20 23:04:04,GOES-16,Brasil,BAHIA,MUCUGE,Caatinga,34,0.0,1.0,-13.1,-41.4,,PARNA DA CHAPADA DA DIAMANTINA
2019/06/20 22:14:05,GOES-16,Brasil,BAHIA,MUCUGE,Caatinga,34,0.0,1.0,-13.09,-41.41,,PARNA DA CHAPADA DA DIAMANTINA
2019/06/20 22:32:59,NOAA-15,Brasil,BAHIA,MUCUGE,Caatinga,34,0.0,1.0,-13.097949,-41.440773,,PARNA DA CHAPADA DA DIAMANTINA
2019/03/17 19:28:25,NOAA-19,Brasil,BAHIA,IRAQUARA,Caatinga,16,0.0,0.4,-12.38728,-41.44413400000001,,PARNA DA CHAPADA DA DIAMANTINA
2019/06/03 16:30:00,NPP-375,Brasil,BAHIA,IRAQUARA,Caatinga,15,0.0,0.8,-12.36748,-41.46644000000001,3.6,PARNA DA CHAPADA DA DIAMANTINA
2019/09/27 04:18:00,NPP-375,Brasil,BAHIA,MUCUGE,Caatinga,110,0.0,1.0,-13.06186,-41.4382,1.5,PARNA DA CHAPADA DA DIAMANTINA
2019/06/03 16:30:00,NPP-375,Brasil,BAHIA,IRAQUARA,Caatinga,15,0.0,0.8,-12.36904,-41.46645,1.5,PARNA DA CHAPADA DA DIAMANTINA
2019/06/21 04:04:54,NOAA-20,Brasil,BAHIA,MUCUGE,Caatinga,35,0.0,1.0,-13.09879,-41.4234,,PARNA DA CHAPADA DA DIAMANTINA
2019/12/02 20:14:04,GOES-16,Brasil,BAHIA,ITAETE,Caatinga,6,0.0,1.0,-12.99,-41.15,,PARNA DA CHAPADA DA DIAMANTINA
2019/11/04 15:44:37,NOAA-20,Brasil,BAHIA,PALMEIRAS,Caatinga,6,0.0,0.9,-12.66086,-41.60444,,PARNA DA CHAPADA DA DIAMANTINA
2019/06/20 23:18:46,NOAA-18,Brasil,BAHIA,MUCUGE,Caatinga,34,0.0,1.0,-13.099088,-41.46413,,PARNA DA CHAPADA DA DIAMANTINA
2019/03/19 04:18:00,NPP-375,Brasil,BAHIA,MUCUGE,Caatinga,19,0.9,0.8,-13.09143,-41.42899,9.6,PARNA DA CHAPADA DA DIAMANTINA
2019/06/21 04:04:54,NOAA-20,Brasil,BAHIA,MUCUGE,Caatinga,35,0.0,1.0,-13.10218,-41.42391,,PARNA DA CHAPADA DA DIAMANTINA
2019/03/14 15:50:22,NOAA-20,Brasil,BAHIA,IBICOARA,Caatinga,10,0.1,0.9,-13.32604,-41.35235,,PARNA DA CHAPADA DA DIAMANTINA
2019/10/17 16:19:23,NOAA-20,Brasil,BAHIA,ITAETE,Caatinga,5,0.0,0.9,-12.92257,-41.22927,,PARNA DA CHAPADA DA DIAMANTINA
2019/11/29 16:05:00,AQUA_M-T,Brasil,BAHIA,MUCUGE,Caatinga,3,0.0,0.8,-13281,-41354,14.8,PARNA DA CHAPADA DA DIAMANTINA
2019/12/06 13:20:00,TERRA_M-T,Brasil,BAHIA,IBICOARA,Caatinga,10,0.0,1.0,-13.380999999999998,-41234,16.5,PARNA DA CHAPADA DA DIAMANTINA
2019/11/18 16:20:47,NOAA-20,Brasil,BAHIA,ANDARAI,Caatinga,19,4.2,0.3,-12.80949,-41.29735,,PARNA DA CHAPADA DA DIAMANTINA
2019/12/08 00:44:41,METOP-B,Brasil,BAHIA,IBICOARA,Caatinga,12,0.0,1.0,-13.3865,-41.158298,,PARNA DA CHAPADA DA DIAMANTINA
2019/03/13 17:19:08,MSG-03,Brasil,BAHIA,MUCUGE,Caatinga,14,0.0,1.0,-13.19,-41.44,,PARNA DA CHAPADA DA DIAMANTINA
2019/01/17 04:10:23,NOAA-20,Brasil,BAHIA,LENCOIS,Caatinga,6,0.0,0.6,-12.4305,-41.29569,,PARNA DA CHAPADA DA DIAMANTINA
2019/10/14 04:00:00,NPP-375,Brasil,BAHIA,LENCOIS,Caatinga,11,0.0,1.0,-12.38793,-41.40626,1.3,PARNA DA CHAPADA DA DIAMANTINA
2019/03/18 23:12:47,NOAA-18,Brasil,BAHIA,MUCUGE,Caatinga,18,0.0,0.9,-13.143857,-41.436745,,PARNA DA CHAPADA DA DIAMANTINA
2019/11/30 16:54:00,NPP-375,Brasil,BAHIA,IBICOARA,Caatinga,4,0.0,1.0,-13.378279999999998,-41.24448,4.7,PARNA DA CHAPADA DA DIAMANTINA
2019/04/18 16:33:38,NOAA-20,Brasil,BAHIA,IBICOARA,Caatinga,3,1.9,0.3,-13.34362,-41.13543,,PARNA DA CHAPADA DA DIAMANTINA
2019/10/30 16:36:00,NPP-375,Brasil,BAHIA,MUCUGE,Caatinga,6,0.0,0.8,-13.00034,-41.39182,12.4,PARNA DA CHAPADA DA DIAMANTINA
2019/06/20 22:34:05,GOES-16,Brasil,BAHIA,MUCUGE,Caatinga,34,0.0,1.0,-13.1,-41.43,,PARNA DA CHAPADA DA DIAMANTINA
2019/08/23 13:30:00,TERRA_M-T,Brasil,BAHIA,MUCUGE,Caatinga,98,0.0,1.0,-13138,-41464,37.3,PARNA DA CHAPADA DA DIAMANTINA
2019/03/17 16:33:10,NOAA-20,Brasil,BAHIA,LENCOIS,Caatinga,16,0.0,1.0,-12.37593,-41.42511,,PARNA DA CHAPADA DA DIAMANTINA
2019/06/27 16:20:36,NOAA-20,Brasil,BAHIA,MUCUGE,Caatinga,41,0.0,0.9,-12.96886,-41.47709,,PARNA DA CHAPADA DA DIAMANTINA
2019/06/21 03:18:00,NPP-375,Brasil,BAHIA,MUCUGE,Caatinga,35,0.0,1.0,-13.09903,-41.42797,3.0,PARNA DA CHAPADA DA DIAMANTINA
2019/06/21 03:18:00,NPP-375,Brasil,BAHIA,MUCUGE,Caatinga,35,0.0,1.0,-13.09997,-41.42344,3.0,PARNA DA CHAPADA DA DIAMANTINA
2019/10/31 03:42:00,NPP-375,Brasil,BAHIA,IBICOARA,Caatinga,7,0.0,1.0,-13.34041,-41.35536,2.2,PARNA DA CHAPADA DA DIAMANTINA
2019/10/26 16:06:00,NPP-375,Brasil,BAHIA,LENCOIS,Caatinga,2,0.0,0.4,-12.36872,-41.38136,7.4,PARNA DA CHAPADA DA DIAMANTINA
2019/12/09 16:26:31,NOAA-20,Brasil,BAHIA,PALMEIRAS,Caatinga,13,0.1,1.0,-12.37787,-41.51437,,PARNA DA CHAPADA DA DIAMANTINA
2019/11/20 16:42:00,NPP-375,Brasil,BAHIA,MUCUGE,Caatinga,2,0.0,1.0,-13.00246,-41.38923,16.3,PARNA DA CHAPADA DA DIAMANTINA
2019/03/14 15:50:22,NOAA-20,Brasil,BAHIA,ANDARAI,Caatinga,9,0.3,0.7,-12.93926,-41.30565,,PARNA DA CHAPADA DA DIAMANTINA
2019/11/12 12:35:00,TERRA_M-T,Brasil,BAHIA,ANDARAI,Caatinga,14,0.0,1.0,-12.7,-41273,54.9,PARNA DA CHAPADA DA DIAMANTINA
2019/10/30 15:38:14,NOAA-20,Brasil,BAHIA,MUCUGE,Caatinga,6,0.0,0.8,-13.00566,-41.3958,,PARNA DA CHAPADA DA DIAMANTINA
2019/10/30 15:38:14,NOAA-20,Brasil,BAHIA,MUCUGE,Caatinga,6,0.0,0.8,-13.00067,-41.3964,,PARNA DA CHAPADA DA DIAMANTINA
2019/11/20 15:34:06,GOES-16,Brasil,BAHIA,MUCUGE,Caatinga,2,0.0,1.0,-13.01,-41.4,,PARNA DA CHAPADA DA DIAMANTINA
2019/12/06 15:43:56,NOAA-20,Brasil,BAHIA,ITAETE,Caatinga,10,0.0,1.0,-13.13235,-41.08951,,PARNA DA CHAPADA DA DIAMANTINA
2019/10/06 03:57:18,NOAA-20,Brasil,BAHIA,MUCUGE,Caatinga,6,0.0,0.7,-13231,-41.36666,,PARNA DA CHAPADA DA DIAMANTINA
2019/06/21 04:04:54,NOAA-20,Brasil,BAHIA,MUCUGE,Caatinga,35,0.0,1.0,-13.0954,-41.42288,,PARNA DA CHAPADA DA DIAMANTINA
2019/11/20 15:34:06,GOES-16,Brasil,BAHIA,MUCUGE,Caatinga,2,0.0,1.0,-12.99,-41.38,,PARNA DA CHAPADA DA DIAMANTINA
2019/10/03 15:44:09,NOAA-20,Brasil,BAHIA,IBICOARA,Caatinga,3,0.0,1.0,-13.32821,-41.38771,,PARNA DA CHAPADA DA DIAMANTINA
2019/10/06 16:25:32,NOAA-20,Brasil,BAHIA,ITAETE,Caatinga,6,0.0,0.9,-13.1432,-41.1315,,PARNA DA CHAPADA DA DIAMANTINA
2019/08/25 13:15:00,TERRA_M-T,Brasil,BAHIA,MUCUGE,Caatinga,100,0.1,1.0,-13226,-41357,10.4,PARNA DA CHAPADA DA DIAMANTINA
2019/07/12 04:10:06,NOAA-20,Brasil,BAHIA,MUCUGE,Caatinga,49,0.0,1.0,-13.10505,-41.42135,,PARNA DA CHAPADA DA DIAMANTINA
2019/03/17 23:24:44,NOAA-18,Brasil,BAHIA,IRAQUARA,Caatinga,16,0.0,0.6,-12.379634,-41.449795,,PARNA DA CHAPADA DA DIAMANTINA
2019/10/27 16:32:09,NOAA-20,Brasil,BAHIA,MUCUGE,Caatinga,3,0.0,0.1,-13.20845,-41.4053,,PARNA DA CHAPADA DA DIAMANTINA
2019/10/09 16:30:00,NPP-375,Brasil,BAHIA,IBICOARA,Caatinga,9,0.0,1.0,-13.32638,-41.34626,2.7,PARNA DA CHAPADA DA DIAMANTINA
2019/10/14 16:36:00,NPP-375,Brasil,BAHIA,LENCOIS,Caatinga,11,0.0,1.0,-12.38923,-41.4104,18.6,PARNA DA CHAPADA DA DIAMANTINA
2019/10/03 16:42:00,NPP-375,Brasil,BAHIA,MUCUGE,Caatinga,3,0.0,1.0,-12.98016,-41.51386,5.6,PARNA DA CHAPADA DA DIAMANTINA
2019/06/20 22:44:05,GOES-16,Brasil,BAHIA,MUCUGE,Caatinga,34,0.0,1.0,-13.1,-41.4,,PARNA DA CHAPADA DA DIAMANTINA
2019/02/05 15:44:56,NOAA-20,Brasil,BAHIA,ANDARAI,Caatinga,0,0.0,1.0,-12.65019,-41.31465,,PARNA DA CHAPADA DA DIAMANTINA
2019/03/18 00:26:51,METOP-B,Brasil,BAHIA,IRAQUARA,Caatinga,17,0.0,0.7,-12.3787,-41.431099,,PARNA DA CHAPADA DA DIAMANTINA
2019/09/27 03:27:02,NOAA-20,Brasil,BAHIA,MUCUGE,Caatinga,111,0.0,1.0,-13.05995,-41.43944000000001,,PARNA DA CHAPADA DA DIAMANTINA
2019/11/10 23:50:48,NOAA-18,Brasil,BAHIA,MUCUGE,Caatinga,17,0.0,1.0,-13.200012,-41.402824,,PARNA DA CHAPADA DA DIAMANTINA
2019/02/10 16:48:00,NPP-375,Brasil,BAHIA,IBICOARA,Caatinga,5,0.0,0.6,-13.36672,-41.34504,13.2,PARNA DA CHAPADA DA DIAMANTINA
2019/12/12 03:54:00,NPP-375,Brasil,BAHIA,MUCUGE,Caatinga,8,0.0,1.0,-13.23596,-41.31913,1.5,PARNA DA CHAPADA DA DIAMANTINA
2019/11/29 16:14:30,NOAA-20,Brasil,BAHIA,MUCUGE,Caatinga,3,0.0,0.6,-13.2768,-41.35455,,PARNA DA CHAPADA DA DIAMANTINA
2019/03/14 15:50:22,NOAA-20,Brasil,BAHIA,IBICOARA,Caatinga,10,0.1,0.9,-13.32701,-41.35205,,PARNA DA CHAPADA DA DIAMANTINA
2019/12/30 04:04:57,NOAA-20,Brasil,BAHIA,MUCUGE,Caatinga,0,1.5,0.3,-13.2231,-41.35664000000001,,PARNA DA CHAPADA DA DIAMANTINA
2019/11/11 03:36:00,NPP-375,Brasil,BAHIA,MUCUGE,Caatinga,18,0.0,1.0,-13.1744,-41.38211,1.0,PARNA DA CHAPADA DA DIAMANTINA
2019/10/21 16:00:00,NPP-375,Brasil,BAHIA,ANDARAI,Caatinga,20,0.0,1.0,-13.08705,-41.15929000000001,4.6,PARNA DA CHAPADA DA DIAMANTINA
2019/03/14 15:50:22,NOAA-20,Brasil,BAHIA,MUCUGE,Caatinga,15,0.1,1.0,-13.08767,-41488,,PARNA DA CHAPADA DA DIAMANTINA
2019/11/10 16:30:00,NPP-375,Brasil,BAHIA,MUCUGE,Caatinga,17,0.0,0.8,-13.02345,-41.42117,4.9,PARNA DA CHAPADA DA DIAMANTINA
2019/12/20 15:36:00,NPP-375,Brasil,BAHIA,MUCUGE,Caatinga,6,0.0,0.9,-13.21169,-41.33017,3.3,PARNA DA CHAPADA DA DIAMANTINA
2019/02/04 16:02:26,NOAA-20,Brasil,BAHIA,ANDARAI,Caatinga,15,2.4,0.6,-12.90047,-41.30198,,PARNA DA CHAPADA DA DIAMANTINA
2019/12/30 04:04:57,NOAA-20,Brasil,BAHIA,MUCUGE,Caatinga,0,1.6,0.4,-13.22705,-41.35343,,PARNA DA CHAPADA DA DIAMANTINA
2019/03/13 13:00:00,TERRA_M-T,Brasil,BAHIA,MUCUGE,Caatinga,14,0.0,1.0,-13208,-41441,17.0,PARNA DA CHAPADA DA DIAMANTINA
2019/02/24 15:42:00,NPP-375,Brasil,BAHIA,MUCUGE,Caatinga,1,0.2,0.0,-13.23331,-41.36511,7.0,PARNA DA CHAPADA DA DIAMANTINA
2019/12/30 03:18:00,NPP-375,Brasil,BAHIA,MUCUGE,Caatinga,0,1.5,0.3,-13.22586,-41.35609,1.6,PARNA DA CHAPADA DA DIAMANTINA
2019/09/22 16:30:00,AQUA_M-T,Brasil,BAHIA,ITAETE,Caatinga,59,0.0,1.0,-13.12,-41.13800000000001,20.9,PARNA DA CHAPADA DA DIAMANTINA
2019/12/30 04:04:57,NOAA-20,Brasil,BAHIA,MUCUGE,Caatinga,0,1.5,0.3,-13.22989,-41.35769000000001,,PARNA DA CHAPADA DA DIAMANTINA
2019/10/03 14:34:04,GOES-16,Brasil,BAHIA,IBICOARA,Caatinga,3,0.0,1.0,-13.32,-41.36,,PARNA DA CHAPADA DA DIAMANTINA
2019/09/22 15:48:53,NOAA-20,Brasil,BAHIA,ITAETE,Caatinga,60,0.0,1.0,-13.12245,-41.13737,,PARNA DA CHAPADA DA DIAMANTINA
2019/03/14 15:50:22,NOAA-20,Brasil,BAHIA,ANDARAI,Caatinga,9,0.3,0.4,-12.93527,-41.30623,,PARNA DA CHAPADA DA DIAMANTINA
2019/10/28 15:30:00,NPP-375,Brasil,BAHIA,ITAETE,Caatinga,4,0.0,0.7,-13.07898,-41145,6.5,PARNA DA CHAPADA DA DIAMANTINA
2019/02/11 03:54:00,NPP-375,Brasil,BAHIA,IBICOARA,Caatinga,6,0.0,0.7,-13.3623,-41.34016,0.5,PARNA DA CHAPADA DA DIAMANTINA
2019/06/19 15:31:25,NOAA-20,Brasil,BAHIA,MUCUGE,Caatinga,33,0.0,1.0,-13.12135,-41.46712,,PARNA DA CHAPADA DA DIAMANTINA
2019/04/27 03:48:00,NPP-375,Brasil,BAHIA,MUCUGE,Caatinga,8,0.0,0.8,-13.09313,-41.42876,1.9,PARNA DA CHAPADA DA DIAMANTINA
2019/10/09 15:31:37,NOAA-20,Brasil,BAHIA,PALMEIRAS,Caatinga,9,0.0,0.9,-12.54008,-41.53114,,PARNA DA CHAPADA DA DIAMANTINA
2019/08/20 15:24:00,NPP-375,Brasil,BAHIA,MUCUGE,Caatinga,89,0.0,1.0,-13.10207,-41.42503,7.1,PARNA DA CHAPADA DA DIAMANTINA
2019/11/20 15:44:35,NOAA-20,Brasil,BAHIA,MUCUGE,Caatinga,2,0.0,1.0,-13.00141,-41.38859,,PARNA DA CHAPADA DA DIAMANTINA
2019/10/28 15:30:00,NPP-375,Brasil,BAHIA,ITAETE,Caatinga,4,0.0,0.7,-13.07851,-41.14089,6.5,PARNA DA CHAPADA DA DIAMANTINA
2019/03/14 15:50:22,NOAA-20,Brasil,BAHIA,IBICOARA,Caatinga,10,0.1,0.9,-13.32654,-41.34841,,PARNA DA CHAPADA DA DIAMANTINA
2019/10/03 15:44:09,NOAA-20,Brasil,BAHIA,IBICOARA,Caatinga,3,0.0,1.0,-13.3237,-41.38821,,PARNA DA CHAPADA DA DIAMANTINA
2019/06/20 22:14:05,GOES-16,Brasil,BAHIA,MUCUGE,Caatinga,34,0.0,1.0,-13.1,-41.4,,PARNA DA CHAPADA DA DIAMANTINA
2019/10/14 15:55:00,AQUA_M-T,Brasil,BAHIA,LENCOIS,Caatinga,12,0.0,1.0,-12396,-41418,72.6,PARNA DA CHAPADA DA DIAMANTINA
2019/03/17 16:33:10,NOAA-20,Brasil,BAHIA,LENCOIS,Caatinga,16,0.0,1.0,-12.37517,-41.42078,,PARNA DA CHAPADA DA DIAMANTINA
2019/10/09 16:30:00,NPP-375,Brasil,BAHIA,PALMEIRAS,Caatinga,9,0.0,1.0,-12.5348,-41.53354,4.5,PARNA DA CHAPADA DA DIAMANTINA
2019/03/21 01:20:00,TERRA_M-M,Brasil,BAHIA,MUCUGE,Caatinga,19,85.8,0.0,-13.09,-41426,4.3,PARNA DA CHAPADA DA DIAMANTINA
2019/01/17 04:10:23,NOAA-20,Brasil,BAHIA,LENCOIS,Caatinga,6,0.0,0.6,-12.4269,-41.29514,,PARNA DA CHAPADA DA DIAMANTINA
2019/03/19 00:06:47,METOP-B,Brasil,BAHIA,MUCUGE,Caatinga,18,0.9,0.8,-13097,-41.414299,,PARNA DA CHAPADA DA DIAMANTINA
2019/10/15 16:35:00,AQUA_M-T,Brasil,BAHIA,MUCUGE,Caatinga,15,0.0,0.9,-13071,-41408,13.3,PARNA DA CHAPADA DA DIAMANTINA
2019/11/20 16:42:00,NPP-375,Brasil,BAHIA,MUCUGE,Caatinga,2,0.0,1.0,-13.00749,-41.39264,6.4,PARNA DA CHAPADA DA DIAMANTINA
2019/10/03 15:44:09,NOAA-20,Brasil,BAHIA,IBICOARA,Caatinga,3,0.0,1.0,-13.32634,-41.39322,,PARNA DA CHAPADA DA DIAMANTINA
2019/12/12 03:54:00,NPP-375,Brasil,BAHIA,MUCUGE,Caatinga,8,0.0,1.0,-13.23475,-41.32665,1.5,PARNA DA CHAPADA DA DIAMANTINA
2019/11/20 15:44:35,NOAA-20,Brasil,BAHIA,MUCUGE,Caatinga,2,0.0,1.0,-13.00646,-41.39247,,PARNA DA CHAPADA DA DIAMANTINA
2019/12/12 03:54:00,NPP-375,Brasil,BAHIA,PALMEIRAS,Caatinga,16,0.0,0.8,-12.58864,-41.49842,3.6,PARNA DA CHAPADA DA DIAMANTINA
2019/11/13 15:30:00,NPP-375,Brasil,BAHIA,MUCUGE,Caatinga,20,0.0,1.0,-13.10309,-41.42899,7.9,PARNA DA CHAPADA DA DIAMANTINA
2019/10/26 16:06:00,NPP-375,Brasil,BAHIA,MUCUGE,Caatinga,2,0.0,0.0,-13.23209,-41.36278,6.4,PARNA DA CHAPADA DA DIAMANTINA
2019/12/01 16:36:00,NPP-375,Brasil,BAHIA,MUCUGE,Caatinga,5,0.0,0.6,-13.2303,-41.36267,7.9,PARNA DA CHAPADA DA DIAMANTINA
2019/05/26 20:34:05,GOES-16,Brasil,BAHIA,MUCUGE,Caatinga,9,0.0,1.0,-13.1,-41.5,,PARNA DA CHAPADA DA DIAMANTINA
2019/06/20 22:04:05,GOES-16,Brasil,BAHIA,MUCUGE,Caatinga,34,0.0,1.0,-13.1,-41.4,,PARNA DA CHAPADA DA DIAMANTINA
2019/04/18 16:33:38,NOAA-20,Brasil,BAHIA,IBICOARA,Caatinga,3,1.6,0.4,-13.35991,-41.17753,,PARNA DA CHAPADA DA DIAMANTINA
2019/12/04 16:20:46,NOAA-20,Brasil,BAHIA,MUCUGE,Caatinga,7,0.0,0.9,-13.06928,-41.4576,,PARNA DA CHAPADA DA DIAMANTINA
2019/03/18 23:19:05,GOES-16,Brasil,BAHIA,MUCUGE,Caatinga,17,0.0,0.9,-13.09,-41.41,,PARNA DA CHAPADA DA DIAMANTINA
2019/07/12 03:24:00,NPP-375,Brasil,BAHIA,MUCUGE,Caatinga,50,0.0,1.0,-13.1026,-41.42532,2.8,PARNA DA CHAPADA DA DIAMANTINA
2019/06/27 15:36:00,NPP-375,Brasil,BAHIA,MUCUGE,Caatinga,41,0.0,0.9,-12.97013,-41.4795,2.7,PARNA DA CHAPADA DA DIAMANTINA
2019/02/11 03:54:00,NPP-375,Brasil,BAHIA,IBICOARA,Caatinga,6,0.0,0.7,-13.36169,-41.34386,0.6,PARNA DA CHAPADA DA DIAMANTINA
2019/04/26 02:34:04,GOES-16,Brasil,BAHIA,MUCUGE,Caatinga,7,0.0,0.8,-13.09,-41.41,,PARNA DA CHAPADA DA DIAMANTINA
2019/06/21 17:34:05,GOES-16,Brasil,BAHIA,MUCUGE,Caatinga,34,0.0,1.0,-12.99,-41.55,,PARNA DA CHAPADA DA DIAMANTINA
2019/10/26 16:51:05,NOAA-20,Brasil,BAHIA,LENCOIS,Caatinga,2,0.0,0.4,-12.36758,-41.37973,,PARNA DA CHAPADA DA DIAMANTINA
2019/07/17 16:44:43,NOAA-20,Brasil,BAHIA,IBICOARA,Caatinga,22,0.0,1.0,-13.32524,-41.36676,,PARNA DA CHAPADA DA DIAMANTINA
2019/06/22 03:45:59,NOAA-20,Brasil,BAHIA,MUCUGE,Caatinga,36,0.0,1.0,-13.1001,-41.4299,,PARNA DA CHAPADA DA DIAMANTINA
2019/06/21 04:04:54,NOAA-20,Brasil,BAHIA,MUCUGE,Caatinga,35,0.0,1.0,-13.09935,-41.4197,,PARNA DA CHAPADA DA DIAMANTINA
2019/10/30 15:55:00,AQUA_M-T,Brasil,BAHIA,MUCUGE,Caatinga,6,0.0,0.8,-13007,-41401,99.5,PARNA DA CHAPADA DA DIAMANTINA
2019/10/14 04:00:00,NPP-375,Brasil,BAHIA,LENCOIS,Caatinga,11,0.0,1.0,-12.39125,-41.4068,1.3,PARNA DA CHAPADA DA DIAMANTINA
2019/10/27 16:32:09,NOAA-20,Brasil,BAHIA,MUCUGE,Caatinga,3,0.0,0.1,-13.21268,-41.40453,,PARNA DA CHAPADA DA DIAMANTINA
2019/06/21 03:18:00,NPP-375,Brasil,BAHIA,MUCUGE,Caatinga,35,0.0,1.0,-13.10274,-41.42374,3.0,PARNA DA CHAPADA DA DIAMANTINA
2019/02/11 16:30:00,NPP-375,Brasil,BAHIA,MUCUGE,Caatinga,2,0.0,0.6,-13.26504,-41.33562,21.4,PARNA DA CHAPADA DA DIAMANTINA
2019/11/10 03:54:00,NPP-375,Brasil,BAHIA,IBICOARA,Caatinga,17,0.0,0.9,-13.36222,-41.35219,1.3,PARNA DA CHAPADA DA DIAMANTINA
2019/11/10 23:50:48,NOAA-18,Brasil,BAHIA,MUCUGE,Caatinga,17,0.0,1.0,-13.190306,-41.405148,,PARNA DA CHAPADA DA DIAMANTINA
2019/08/08 16:32:25,NOAA-20,Brasil,BAHIA,MUCUGE,Caatinga,77,0.0,1.0,-13.10439,-41.42372,,PARNA DA CHAPADA DA DIAMANTINA
2019/12/23 16:18:00,NPP-375,Brasil,BAHIA,MUCUGE,Caatinga,9,0.0,1.0,-13.12793,-41.46998,19.3,PARNA DA CHAPADA DA DIAMANTINA
2019/06/02 04:12:00,NPP-375,Brasil,BAHIA,PALMEIRAS,Caatinga,16,0.0,1.0,-12.50588,-41.59517,0.6,PARNA DA CHAPADA DA DIAMANTINA
2019/03/19 00:06:47,METOP-B,Brasil,BAHIA,MUCUGE,Caatinga,18,0.9,0.8,-13.0872,-41.416401,,PARNA DA CHAPADA DA DIAMANTINA
2019/11/15 04:00:00,NPP-375,Brasil,BAHIA,MUCUGE,Caatinga,22,0.0,1.0,-13.06825,-41.4446,1.7,PARNA DA CHAPADA DA DIAMANTINA
2019/10/07 13:00:00,TERRA_M-T,Brasil,BAHIA,PALMEIRAS,Caatinga,7,0.0,1.0,-12681,-41592,8.6,PARNA DA CHAPADA DA DIAMANTINA
2019/01/02 16:20:54,NOAA-20,Brasil,BAHIA,MUCUGE,Caatinga,2,0.0,0.5,-13.27513,-41.33803,,PARNA DA CHAPADA DA DIAMANTINA
2019/01/31 16:36:00,NPP-375,Brasil,BAHIA,LENCOIS,Caatinga,11,0.0,1.0,-12.3968,-41.41827,6.4,PARNA DA CHAPADA DA DIAMANTINA
2019/10/03 14:34:04,GOES-16,Brasil,BAHIA,IBICOARA,Caatinga,3,0.0,1.0,-13.34,-41.38,,PARNA DA CHAPADA DA DIAMANTINA
2019/06/20 22:04:05,GOES-16,Brasil,BAHIA,MUCUGE,Caatinga,34,0.0,1.0,-13.09,-41.41,,PARNA DA CHAPADA DA DIAMANTINA
2019/10/31 03:42:00,NPP-375,Brasil,BAHIA,IBICOARA,Caatinga,7,0.0,1.0,-13.34431,-41.35605,2.2,PARNA DA CHAPADA DA DIAMANTINA
2019/06/21 04:04:54,NOAA-20,Brasil,BAHIA,MUCUGE,Caatinga,35,0.0,1.0,-13.09823,-41.42709,,PARNA DA CHAPADA DA DIAMANTINA
2019/12/23 17:04:45,NOAA-20,Brasil,BAHIA,MUCUGE,Caatinga,9,0.0,1.0,-13.1266,-41.47032,,PARNA DA CHAPADA DA DIAMANTINA
2019/06/21 03:18:00,NPP-375,Brasil,BAHIA,MUCUGE,Caatinga,35,0.0,1.0,-13.0969,-41.42222,1.7,PARNA DA CHAPADA DA DIAMANTINA
2019/10/20 16:24:00,NPP-375,Brasil,BAHIA,IRAQUARA,Caatinga,19,0.0,1.0,-12.39484,-41.43766,19.3,PARNA DA CHAPADA DA DIAMANTINA
2019/03/17 16:33:10,NOAA-20,Brasil,BAHIA,LENCOIS,Caatinga,16,0.0,1.0,-12.37088,-41.42164,,PARNA DA CHAPADA DA DIAMANTINA
2019/10/03 14:04:03,GOES-16,Brasil,BAHIA,IBICOARA,Caatinga,3,0.0,1.0,-13.32,-41.36,,PARNA DA CHAPADA DA DIAMANTINA
2019/09/22 01:10:00,TERRA_M-M,Brasil,BAHIA,ANDARAI,Caatinga,28,0.0,1.0,-12804,-41308,5.3,PARNA DA CHAPADA DA DIAMANTINA
2019/12/22 04:06:00,NPP-375,Brasil,BAHIA,IBICOARA,Caatinga,13,0.0,0.8,-13.37475,-41.33953,7.0,PARNA DA CHAPADA DA DIAMANTINA
2019/01/26 03:54:00,NPP-375,Brasil,BAHIA,MUCUGE,Caatinga,12,0.0,0.6,-13.26904,-41.34967,0.5,PARNA DA CHAPADA DA DIAMANTINA
2019/06/20 23:18:46,NOAA-18,Brasil,BAHIA,MUCUGE,Caatinga,34,0.0,1.0,-13.100502,-41.47385,,PARNA DA CHAPADA DA DIAMANTINA
2019/03/17 15:48:00,NPP-375,Brasil,BAHIA,LENCOIS,Caatinga,16,0.0,1.0,-12.37613,-41.42461,2.0,PARNA DA CHAPADA DA DIAMANTINA
2019/10/03 15:44:09,NOAA-20,Brasil,BAHIA,IBICOARA,Caatinga,3,0.0,1.0,-13.32579,-41.38875,,PARNA DA CHAPADA DA DIAMANTINA
2019/06/20 23:34:05,GOES-16,Brasil,BAHIA,MUCUGE,Caatinga,34,0.0,1.0,-13.09,-41.41,,PARNA DA CHAPADA DA DIAMANTINA
2019/12/22 03:15:44,NOAA-20,Brasil,BAHIA,IBICOARA,Caatinga,13,0.0,0.8,-13.375370000000002,-41.34295,,PARNA DA CHAPADA DA DIAMANTINA
2019/07/12 03:24:00,NPP-375,Brasil,BAHIA,MUCUGE,Caatinga,49,0.0,1.0,-13.10331,-41.42178,1.4,PARNA DA CHAPADA DA DIAMANTINA
2019/12/22 03:55:00,AQUA_M-M,Brasil,BAHIA,IBICOARA,Caatinga,14,0.0,0.8,-13372,-41335,17.0,PARNA DA CHAPADA DA DIAMANTINA
2019/08/25 04:36:00,NPP-375,Brasil,BAHIA,MUCUGE,Caatinga,98,0.0,1.0,-13.242029999999998,-41.32071,1.7,PARNA DA CHAPADA DA DIAMANTINA
2019/04/29 16:27:29,NOAA-20,Brasil,BAHIA,IRAQUARA,Caatinga,11,0.0,0.8,-12.36745,-41.46711,,PARNA DA CHAPADA DA DIAMANTINA
2019/03/18 03:46:01,NOAA-20,Brasil,BAHIA,ANDARAI,Caatinga,10,0.0,1.0,-12.6974,-41.29638,,PARNA DA CHAPADA DA DIAMANTINA
2019/06/02 16:48:00,NPP-375,Brasil,BAHIA,MUCUGE,Caatinga,15,0.0,0.7,-13.232079999999998,-41.34448,7.8,PARNA DA CHAPADA DA DIAMANTINA
2019/02/07 16:00:00,NPP-375,Brasil,BAHIA,IRAQUARA,Caatinga,10,0.3,0.8,-12.36147,-41.47073,22.9,PARNA DA CHAPADA DA DIAMANTINA
2019/10/31 16:12:00,NPP-375,Brasil,BAHIA,ITAETE,Caatinga,7,0.0,1.0,-13.05683,-41.08969,3.9,PARNA DA CHAPADA DA DIAMANTINA
2019/07/12 04:10:06,NOAA-20,Brasil,BAHIA,MUCUGE,Caatinga,50,0.0,1.0,-13.10445,-41.42556,,PARNA DA CHAPADA DA DIAMANTINA
2019/06/21 03:18:00,NPP-375,Brasil,BAHIA,MUCUGE,Caatinga,35,0.0,1.0,-13.10091,-41.41888,2.9,PARNA DA CHAPADA DA DIAMANTINA
2019/10/01 01:34:02,GOES-16,Brasil,BAHIA,IBICOARA,Caatinga,2,0.0,0.9,-13.36,-41.38,,PARNA DA CHAPADA DA DIAMANTINA
2019/06/20 23:14:04,GOES-16,Brasil,BAHIA,MUCUGE,Caatinga,34,0.0,1.0,-13.09,-41.41,,PARNA DA CHAPADA DA DIAMANTINA
2019/11/20 16:42:00,NPP-375,Brasil,BAHIA,MUCUGE,Caatinga,2,0.0,1.0,-13.0032,-41.39334,6.4,PARNA DA CHAPADA DA DIAMANTINA
2019/11/23 03:58:34,NOAA-20,Brasil,BAHIA,IBICOARA,Caatinga,5,0.5,0.7,-13.34503,-41.33294,,PARNA DA CHAPADA DA DIAMANTINA
2019/03/13 14:04:04,GOES-16,Brasil,BAHIA,MUCUGE,Caatinga,14,0.0,0.9,-13.2,-41.43,,PARNA DA CHAPADA DA DIAMANTINA
2019/10/25 15:31:51,NOAA-20,Brasil,BAHIA,ITAETE,Caatinga,0,0.0,0.0,-13.16676,-41.10251,,PARNA DA CHAPADA DA DIAMANTINA
2019/09/18 16:24:00,NPP-375,Brasil,BAHIA,PALMEIRAS,Caatinga,38,0.0,1.0,-12.43011,-41.56438,4.5,PARNA DA CHAPADA DA DIAMANTINA
2019/10/20 17:03:37,NOAA-20,Brasil,BAHIA,IRAQUARA,Caatinga,19,0.0,1.0,-12.40166,-41.44125,,PARNA DA CHAPADA DA DIAMANTINA
2019/03/13 13:19:04,GOES-16,Brasil,BAHIA,MUCUGE,Caatinga,14,0.0,0.9,-13.22,-41.43,,PARNA DA CHAPADA DA DIAMANTINA
2019/10/09 16:30:00,NPP-375,Brasil,BAHIA,PALMEIRAS,Caatinga,9,0.0,1.0,-12.53628,-41.52982,13.4,PARNA DA CHAPADA DA DIAMANTINA
2019/02/10 15:49:54,NOAA-20,Brasil,BAHIA,IBICOARA,Caatinga,5,0.0,0.7,-13.36621,-41.34738,,PARNA DA CHAPADA DA DIAMANTINA
2019/03/02 16:14:01,NOAA-20,Brasil,BAHIA,MUCUGE,Caatinga,3,0.0,0.1,-13.22267,-41.33332,,PARNA DA CHAPADA DA DIAMANTINA
2019/10/20 17:03:37,NOAA-20,Brasil,BAHIA,LENCOIS,Caatinga,19,0.0,1.0,-12.40068,-41.43678,,PARNA DA CHAPADA DA DIAMANTINA
2019/03/18 23:12:47,NOAA-18,Brasil,BAHIA,MUCUGE,Caatinga,19,0.0,1.0,-13.14638,-41.453487,,PARNA DA CHAPADA DA DIAMANTINA
2019/10/20 16:24:00,NPP-375,Brasil,BAHIA,LENCOIS,Caatinga,19,0.0,1.0,-12.39824,-41.43719,2.7,PARNA DA CHAPADA DA DIAMANTINA
2019/10/08 15:49:07,NOAA-20,Brasil,BAHIA,PALMEIRAS,Caatinga,8,0.0,1.0,-12.68496,-41.59303,,PARNA DA CHAPADA DA DIAMANTINA
2019/10/03 15:44:09,NOAA-20,Brasil,BAHIA,IBICOARA,Caatinga,3,0.0,1.0,-13.32879,-41.39218,,PARNA DA CHAPADA DA DIAMANTINA
2019/03/19 00:06:47,METOP-B,Brasil,BAHIA,MUCUGE,Caatinga,18,0.9,0.8,-13.0853,-41.407001,,PARNA DA CHAPADA DA DIAMANTINA
2019/11/20 16:42:00,NPP-375,Brasil,BAHIA,MUCUGE,Caatinga,2,0.0,1.0,-13.00395,-41.39749000000001,6.4,PARNA DA CHAPADA DA DIAMANTINA
2019/10/26 16:51:05,NOAA-20,Brasil,BAHIA,LENCOIS,Caatinga,2,0.0,0.7,-12.36549,-41.40023,,PARNA DA CHAPADA DA DIAMANTINA
2019/12/02 20:14:04,GOES-16,Brasil,BAHIA,ITAETE,Caatinga,5,0.0,0.7,-12.99,-41.13,,PARNA DA CHAPADA DA DIAMANTINA
2019/11/20 15:44:35,NOAA-20,Brasil,BAHIA,MUCUGE,Caatinga,2,0.0,1.0,-13.00702,-41.39692,,PARNA DA CHAPADA DA DIAMANTINA
2019/06/27 15:36:00,NPP-375,Brasil,BAHIA,MUCUGE,Caatinga,41,0.0,1.0,-12.9689,-41.47946,4.6,PARNA DA CHAPADA DA DIAMANTINA
2019/06/20 23:34:05,GOES-16,Brasil,BAHIA,MUCUGE,Caatinga,34,0.0,1.0,-13.1,-41.4,,PARNA DA CHAPADA DA DIAMANTINA
2019/10/14 15:38:00,NOAA-20,Brasil,BAHIA,LENCOIS,Caatinga,11,0.0,1.0,-12.38883,-41.41232,,PARNA DA CHAPADA DA DIAMANTINA
2019/09/17 15:43:55,NOAA-20,Brasil,BAHIA,NOVA REDENCAO,Caatinga,34,0.0,1.0,-12.86776,-41.22263,,PARNA DA CHAPADA DA DIAMANTINA
2019/09/27 01:30:00,TERRA_M-M,Brasil,BAHIA,MUCUGE,Caatinga,111,0.0,1.0,-13066,-41438,5.1,PARNA DA CHAPADA DA DIAMANTINA
2019/05/26 20:34:05,GOES-16,Brasil,BAHIA,MUCUGE,Caatinga,9,0.0,1.0,-13.08,-41.51,,PARNA DA CHAPADA DA DIAMANTINA
2019/06/20 22:34:05,GOES-16,Brasil,BAHIA,MUCUGE,Caatinga,34,0.0,1.0,-13.09,-41.41,,PARNA DA CHAPADA DA DIAMANTINA
2019/10/30 16:36:00,NPP-375,Brasil,BAHIA,MUCUGE,Caatinga,6,0.0,0.8,-13.0012,-41.39682,12.4,PARNA DA CHAPADA DA DIAMANTINA
2019/11/20 16:42:00,NPP-375,Brasil,BAHIA,MUCUGE,Caatinga,2,0.0,1.0,-13.01255,-41.39624,6.4,PARNA DA CHAPADA DA DIAMANTINA
2019/11/11 01:00:00,TERRA_M-M,Brasil,BAHIA,MUCUGE,Caatinga,18,0.0,1.0,-13175,-41387,20.0,PARNA DA CHAPADA DA DIAMANTINA
2019/06/20 23:18:46,NOAA-18,Brasil,BAHIA,MUCUGE,Caatinga,34,0.0,1.0,-13.097674,-41.454426,,PARNA DA CHAPADA DA DIAMANTINA
2019/10/30 16:36:00,NPP-375,Brasil,BAHIA,MUCUGE,Caatinga,6,0.0,0.8,-13.00507,-41.39613,12.4,PARNA DA CHAPADA DA DIAMANTINA
2019/11/20 16:42:00,NPP-375,Brasil,BAHIA,MUCUGE,Caatinga,2,0.0,1.0,-13.00676,-41.38853,51.1,PARNA DA CHAPADA DA DIAMANTINA
2019/12/20 15:36:00,NPP-375,Brasil,BAHIA,MUCUGE,Caatinga,6,0.0,0.9,-13.209970000000002,-41.32917,2.7,PARNA DA CHAPADA DA DIAMANTINA
2019/12/04 15:36:00,NPP-375,Brasil,BAHIA,MUCUGE,Caatinga,8,0.0,0.9,-13.06955,-41.44467,8.6,PARNA DA CHAPADA DA DIAMANTINA
2019/11/29 16:14:30,NOAA-20,Brasil,BAHIA,MUCUGE,Caatinga,3,0.0,0.6,-13.276229999999998,-41.35091,,PARNA DA CHAPADA DA DIAMANTINA
2019/03/13 13:19:04,GOES-16,Brasil,BAHIA,MUCUGE,Caatinga,14,0.0,0.9,-13.2,-41.43,,PARNA DA CHAPADA DA DIAMANTINA
2019/09/05 17:06:00,NPP-375,Brasil,BAHIA,MUCUGE,Caatinga,111,0.0,0.9,-13.23304,-41.35674,10.8,PARNA DA CHAPADA DA DIAMANTINA
2019/11/20 15:34:06,GOES-16,Brasil,BAHIA,MUCUGE,Caatinga,2,0.0,1.0,-13.01,-41.37,,PARNA DA CHAPADA DA DIAMANTINA
2019/10/14 13:05:00,TERRA_M-T,Brasil,BAHIA,LENCOIS,Caatinga,11,0.0,1.0,-12399,-41411,10.5,PARNA DA CHAPADA DA DIAMANTINA
2019/11/20 15:14:06,GOES-16,Brasil,BAHIA,MUCUGE,Caatinga,2,0.0,1.0,-13.01,-41.37,,PARNA DA CHAPADA DA DIAMANTINA
2019/11/04 15:44:37,NOAA-20,Brasil,BAHIA,PALMEIRAS,Caatinga,6,0.0,0.9,-12.66401,-41.60643,,PARNA DA CHAPADA DA DIAMANTINA
2019/10/26 16:20:00,AQUA_M-T,Brasil,BAHIA,LENCOIS,Caatinga,2,0.0,1.0,-12365,-41.40600000000001,13.4,PARNA DA CHAPADA DA DIAMANTINA
2019/11/13 16:14:33,NOAA-20,Brasil,BAHIA,LENCOIS,Caatinga,15,0.0,0.9,-12.54596,-41.33429,,PARNA DA CHAPADA DA DIAMANTINA
2019/06/05 16:35:45,NOAA-20,Brasil,BAHIA,MUCUGE,Caatinga,19,0.0,,-13.09566,-41.43401,,PARNA DA CHAPADA DA DIAMANTINA
2019/11/14 15:55:58,NOAA-20,Brasil,BAHIA,ANDARAI,Caatinga,16,0.0,0.8,-12.79124,-41.32764,,PARNA DA CHAPADA DA DIAMANTINA
2019/12/22 04:06:00,NPP-375,Brasil,BAHIA,IBICOARA,Caatinga,14,0.0,0.8,-13.37816,-41.34009,7.0,PARNA DA CHAPADA DA DIAMANTINA
2019/04/11 16:18:00,NPP-375,Brasil,BAHIA,PALMEIRAS,Caatinga,0,1.2,0.2,-12.37205,-41.47678,6.1,PARNA DA CHAPADA DA DIAMANTINA
2019/03/19 00:06:47,METOP-B,Brasil,BAHIA,MUCUGE,Caatinga,19,0.9,0.8,-13.0892,-41.4258,,PARNA DA CHAPADA DA DIAMANTINA
2019/03/14 15:50:22,NOAA-20,Brasil,BAHIA,ANDARAI,Caatinga,9,0.3,0.4,-12.93481,-41.30278,,PARNA DA CHAPADA DA DIAMANTINA
2019/02/24 15:42:00,NPP-375,Brasil,BAHIA,MUCUGE,Caatinga,1,0.2,0.0,-13.228320000000002,-41.3657,7.0,PARNA DA CHAPADA DA DIAMANTINA
2019/06/21 04:04:54,NOAA-20,Brasil,BAHIA,MUCUGE,Caatinga,35,0.0,1.0,-13.10274,-41.42022,,PARNA DA CHAPADA DA DIAMANTINA
2019/03/14 16:48:00,NPP-375,Brasil,BAHIA,MUCUGE,Caatinga,15,0.1,1.0,-13.08577,-41.48923,15.2,PARNA DA CHAPADA DA DIAMANTINA
2019/05/02 16:24:00,NPP-375,Brasil,BAHIA,IBICOARA,Caatinga,13,0.0,0.6,-13.38135,-41.33036,6.8,PARNA DA CHAPADA DA DIAMANTINA
2019/03/08 23:29:20,NOAA-18,Brasil,BAHIA,PALMEIRAS,Caatinga,5,1.6,0.8,-12.63719,-41.506786,,PARNA DA CHAPADA DA DIAMANTINA
2019/09/23 03:54:00,NPP-375,Brasil,BAHIA,MUCUGE,Caatinga,114,0.0,1.0,-13.06779,-41.4422,1.4,PARNA DA CHAPADA DA DIAMANTINA
2019/11/10 23:50:48,NOAA-18,Brasil,BAHIA,MUCUGE,Caatinga,17,0.0,1.0,-13.198818,-41.395393,,PARNA DA CHAPADA DA DIAMANTINA
2019/05/26 15:36:00,NPP-375,Brasil,BAHIA,IBICOARA,Caatinga,9,0.0,1.0,-13.30561,-41.33617,5.1,PARNA DA CHAPADA DA DIAMANTINA
2019/04/26 02:44:05,GOES-16,Brasil,BAHIA,MUCUGE,Caatinga,7,0.0,0.8,-13.09,-41.41,,PARNA DA CHAPADA DA DIAMANTINA
2019/10/14 16:36:00,NPP-375,Brasil,BAHIA,LENCOIS,Caatinga,11,0.0,1.0,-12.38534,-41.41118,18.6,PARNA DA CHAPADA DA DIAMANTINA
2019/11/30 16:54:00,NPP-375,Brasil,BAHIA,IBICOARA,Caatinga,4,0.0,1.0,-13.37743,-41.2401,4.7,PARNA DA CHAPADA DA DIAMANTINA
2019/02/10 16:48:00,NPP-375,Brasil,BAHIA,IBICOARA,Caatinga,5,0.0,0.7,-13.36734,-41.34713,8.3,PARNA DA CHAPADA DA DIAMANTINA
2019/08/25 03:45:30,NOAA-20,Brasil,BAHIA,MUCUGE,Caatinga,98,0.0,1.0,-13.24323,-41.31891,,PARNA DA CHAPADA DA DIAMANTINA
2019/03/18 23:34:04,GOES-16,Brasil,BAHIA,MUCUGE,Caatinga,17,0.0,0.9,-13.09,-41.41,,PARNA DA CHAPADA DA DIAMANTINA
2019/12/01 15:38:22,NOAA-20,Brasil,BAHIA,ITAETE,Caatinga,5,0.0,1.0,-13.01565,-41.11066,,PARNA DA CHAPADA DA DIAMANTINA
2019/10/14 15:55:00,AQUA_M-T,Brasil,BAHIA,LENCOIS,Caatinga,12,0.0,1.0,-12396,-41413,72.6,PARNA DA CHAPADA DA DIAMANTINA
2019/06/20 22:32:59,NOAA-15,Brasil,BAHIA,MUCUGE,Caatinga,34,0.0,1.0,-13.10287,-41.465508,,PARNA DA CHAPADA DA DIAMANTINA
2019/03/18 00:26:51,METOP-B,Brasil,BAHIA,LENCOIS,Caatinga,17,0.0,1.0,-12.3771,-41.423901,,PARNA DA CHAPADA DA DIAMANTINA
2019/07/12 03:24:00,NPP-375,Brasil,BAHIA,MUCUGE,Caatinga,50,0.0,1.0,-13.10568,-41.42687,3.7,PARNA DA CHAPADA DA DIAMANTINA
2019/10/25 15:31:51,NOAA-20,Brasil,BAHIA,ITAETE,Caatinga,0,0.0,0.0,-13.07561,-41.1483,,PARNA DA CHAPADA DA DIAMANTINA
2019/12/30 03:18:00,NPP-375,Brasil,BAHIA,MUCUGE,Caatinga,0,1.5,0.3,-13.22877,-41.35435,1.2,PARNA DA CHAPADA DA DIAMANTINA
2019/03/18 00:26:51,METOP-B,Brasil,BAHIA,LENCOIS,Caatinga,17,0.0,1.0,-12.3754,-41.416698,,PARNA DA CHAPADA DA DIAMANTINA
2019/01/02 16:20:54,NOAA-20,Brasil,BAHIA,MUCUGE,Caatinga,2,0.0,0.4,-13.2719,-41.33808,,PARNA DA CHAPADA DA DIAMANTINA
2019/01/02 16:25:00,AQUA_M-T,Brasil,BAHIA,MUCUGE,Caatinga,2,0.0,0.6,-13274,-41335,12.3,PARNA DA CHAPADA DA DIAMANTINA
2019/12/30 04:04:57,NOAA-20,Brasil,BAHIA,MUCUGE,Caatinga,0,1.5,0.3,-13.22649,-41.35717,,PARNA DA CHAPADA DA DIAMANTINA
2019/02/05 16:42:00,NPP-375,Brasil,BAHIA,ITAETE,Caatinga,0,0.0,0.9,-12.94769,-41.20264,50.1,PARNA DA CHAPADA DA DIAMANTINA
2019/10/14 16:36:00,NPP-375,Brasil,BAHIA,LENCOIS,Caatinga,12,0.0,1.0,-12.40178,-41.41338,4.2,PARNA DA CHAPADA DA DIAMANTINA
2019/06/21 01:45:00,TERRA_M-M,Brasil,BAHIA,MUCUGE,Caatinga,35,0.0,1.0,-13097,-41418,26.0,PARNA DA CHAPADA DA DIAMANTINA
2019/05/26 16:20:08,NOAA-20,Brasil,BAHIA,IBICOARA,Caatinga,9,0.0,1.0,-13.30733,-41.33508,,PARNA DA CHAPADA DA DIAMANTINA
2019/10/20 16:24:00,NPP-375,Brasil,BAHIA,IRAQUARA,Caatinga,19,0.0,1.0,-12.3954,-41.4412,44.1,PARNA DA CHAPADA DA DIAMANTINA
2019/01/02 16:20:54,NOAA-20,Brasil,BAHIA,MUCUGE,Caatinga,2,0.0,0.5,-13.27544,-41.33751,,PARNA DA CHAPADA DA DIAMANTINA
2019/03/17 23:24:44,NOAA-18,Brasil,BAHIA,IRAQUARA,Caatinga,16,0.0,0.4,-12.378433,-41.442421,,PARNA DA CHAPADA DA DIAMANTINA
2019/02/05 15:44:56,NOAA-20,Brasil,BAHIA,ANDARAI,Caatinga,0,0.0,1.0,-12.65077,-41.31907,,PARNA DA CHAPADA DA DIAMANTINA
2019/06/21 03:18:00,NPP-375,Brasil,BAHIA,MUCUGE,Caatinga,35,0.0,1.0,-13.09599,-41.42677,1.7,PARNA DA CHAPADA DA DIAMANTINA
2019/02/07 16:00:00,NPP-375,Brasil,BAHIA,IRAQUARA,Caatinga,10,0.3,0.8,-12.36514,-41.47034,11.8,PARNA DA CHAPADA DA DIAMANTINA
2019/11/10 16:30:00,NPP-375,Brasil,BAHIA,IBICOARA,Caatinga,17,0.0,1.0,-13.33262,-41.37104,9.3,PARNA DA CHAPADA DA DIAMANTINA
2019/03/18 23:12:47,NOAA-18,Brasil,BAHIA,MUCUGE,Caatinga,18,0.0,0.9,-13.145119,-41.445114,,PARNA DA CHAPADA DA DIAMANTINA
2019/04/18 16:33:38,NOAA-20,Brasil,BAHIA,IBICOARA,Caatinga,3,1.8,0.3,-13.34599,-41.14894,,PARNA DA CHAPADA DA DIAMANTINA
