,datahora,satelite,pais,estado,municipio,bioma,diasemchuva,precipitacao,riscofogo,latitude,longitude,frp,areaprotegida
0,2015/09/15 16:30:00,GOES-13,Brasil,BAHIA,PALMEIRAS,Caatinga,23,0.0,1.0,-12.7,-41.49,,PARNA DA CHAPADA DA DIAMANTINA
1,2015/09/15 18:30:00,MSG-03,Brasil,BAHIA,PALMEIRAS,Caatinga,24,0.0,1.0,-12.69,-41.53,,PARNA DA CHAPADA DA DIAMANTINA
2,2015/09/15 04:43:00,NPP-375,Brasil,BAHIA,PALMEIRAS,Caatinga,23,0.0,1.0,-12.70238,-41.46747,,PARNA DA CHAPADA DA DIAMANTINA
3,2015/09/12 03:59:00,NPP-375,Brasil,BAHIA,ANDARAI,Caatinga,19,0.0,1.0,-12.79241,-41.38722,,PARNA DA CHAPADA DA DIAMANTINA
4,2015/08/05 04:12:00,NPP-375,Brasil,BAHIA,MUCUGE,Caatinga,9,0.0,1.0,-13.03432,-41.443090000000005,,PARNA DA CHAPADA DA DIAMANTINA
5,2015/09/12 03:59:00,NPP-375,Brasil,BAHIA,ANDARAI,Caatinga,20,0.0,1.0,-12.78743,-41.375040000000006,,PARNA DA CHAPADA DA DIAMANTINA
6,2015/09/12 16:33:00,NPP-375,Brasil,BAHIA,MUCUGE,Caatinga,18,0.0,1.0,-13.01577,-41.38923,,PARNA DA CHAPADA DA DIAMANTINA
7,2015/09/13 03:40:00,NPP-375,Brasil,BAHIA,ANDARAI,Caatinga,21,0.0,1.0,-12.772110000000001,-41.38451,,PARNA DA CHAPADA DA DIAMANTINA
8,2015/09/15 17:17:00,NPP-375,Brasil,BAHIA,PALMEIRAS,Caatinga,23,0.0,1.0,-12.70013,-41.46671,,PARNA DA CHAPADA DA DIAMANTINA
9,2015/09/12 03:59:00,NPP-375,Brasil,BAHIA,ANDARAI,Caatinga,19,0.0,1.0,-12.78962,-41.38295,,PARNA DA CHAPADA DA DIAMANTINA
10,2015/09/12 16:33:00,NPP-375,Brasil,BAHIA,MUCUGE,Caatinga,18,0.0,1.0,-13.01511,-41.38515,,PARNA DA CHAPADA DA DIAMANTINA
11,2015/09/12 16:33:00,NPP-375,Brasil,BAHIA,ANDARAI,Caatinga,20,0.0,1.0,-12.77663,-41.38531,,PARNA DA CHAPADA DA DIAMANTINA
12,2015/09/12 12:48:00,TERRA_M-T,Brasil,BAHIA,ANDARAI,Caatinga,20,0.0,1.0,-12.782,-41.379,,PARNA DA CHAPADA DA DIAMANTINA
13,2015/09/12 16:33:00,NPP-375,Brasil,BAHIA,MUCUGE,Caatinga,17,0.0,1.0,-13.02736,-41.3793,,PARNA DA CHAPADA DA DIAMANTINA
14,2015/09/10 17:11:00,NPP-375,Brasil,BAHIA,LENCOIS,Caatinga,10,0.0,1.0,-12.49292,-41.31575,,PARNA DA CHAPADA DA DIAMANTINA
15,2015/09/12 03:59:00,NPP-375,Brasil,BAHIA,ANDARAI,Caatinga,20,0.0,1.0,-12.77944,-41.38123,,PARNA DA CHAPADA DA DIAMANTINA
16,2015/09/12 20:12:58,NOAA-18,Brasil,BAHIA,MUCUGE,Caatinga,19,0.0,1.0,-13.015999999999998,-41.419,,PARNA DA CHAPADA DA DIAMANTINA
17,2015/09/15 15:36:00,NPP-375,Brasil,BAHIA,MUCUGE,Caatinga,20,0.0,1.0,-12.75746,-41.44565,,PARNA DA CHAPADA DA DIAMANTINA
18,2015/09/13 01:03:00,TERRA_M-M,Brasil,BAHIA,ANDARAI,Caatinga,20,0.0,1.0,-12.789000000000001,-41.39,,PARNA DA CHAPADA DA DIAMANTINA
19,2015/09/12 20:13:02,NOAA-18,Brasil,BAHIA,ANDARAI,Caatinga,19,0.0,1.0,-12.789000000000001,-41.39,,PARNA DA CHAPADA DA DIAMANTINA
20,2015/09/15 15:36:00,NPP-375,Brasil,BAHIA,PALMEIRAS,Caatinga,22,0.0,1.0,-12.70815,-41.49831,,PARNA DA CHAPADA DA DIAMANTINA
21,2015/09/15 15:36:00,NPP-375,Brasil,BAHIA,MUCUGE,Caatinga,20,0.0,1.0,-12.76452,-41.44242,,PARNA DA CHAPADA DA DIAMANTINA
22,2015/09/15 16:08:00,AQUA_M-T,Brasil,BAHIA,PALMEIRAS,Caatinga,23,0.0,1.0,-12.7,-41.507,,PARNA DA CHAPADA DA DIAMANTINA
23,2015/09/13 16:20:00,AQUA_M-T,Brasil,BAHIA,ANDARAI,Caatinga,21,0.0,1.0,-12.772,-41.386,,PARNA DA CHAPADA DA DIAMANTINA
24,2015/09/12 23:30:00,GOES-13,Brasil,BAHIA,ANDARAI,Caatinga,21,0.0,1.0,-12.78,-41.36,,PARNA DA CHAPADA DA DIAMANTINA
25,2015/09/12 20:12:58,NOAA-18,Brasil,BAHIA,MUCUGE,Caatinga,18,0.0,1.0,-13.022,-41.394,,PARNA DA CHAPADA DA DIAMANTINA
26,2015/09/13 16:14:00,NPP-375,Brasil,BAHIA,ANDARAI,Caatinga,21,0.0,1.0,-12.777460000000001,-41.37806,,PARNA DA CHAPADA DA DIAMANTINA
27,2015/09/12 03:59:00,NPP-375,Brasil,BAHIA,ANDARAI,Caatinga,19,0.0,1.0,-12.785630000000001,-41.38604,,PARNA DA CHAPADA DA DIAMANTINA
28,2015/09/13 16:14:00,NPP-375,Brasil,BAHIA,ANDARAI,Caatinga,21,0.0,1.0,-12.76481,-41.38763,,PARNA DA CHAPADA DA DIAMANTINA
29,2015/09/12 20:13:02,NOAA-18,Brasil,BAHIA,ANDARAI,Caatinga,19,0.0,1.0,-12.79,-41.397,,PARNA DA CHAPADA DA DIAMANTINA
30,2015/09/15 17:26:04,NOAA-19,Brasil,BAHIA,ANDARAI,Caatinga,22,0.0,1.0,-12.782,-41.391000000000005,,PARNA DA CHAPADA DA DIAMANTINA
31,2015/09/12 16:33:00,NPP-375,Brasil,BAHIA,MUCUGE,Caatinga,18,0.0,1.0,-13.01286,-41.39378,,PARNA DA CHAPADA DA DIAMANTINA
32,2015/09/16 16:58:00,NPP-375,Brasil,BAHIA,IRAMAIA,Caatinga,12,0.0,1.0,-13.31329,-41.09373,,PARNA DA CHAPADA DA DIAMANTINA
33,2015/09/12 16:30:00,MSG-03,Brasil,BAHIA,MUCUGE,Caatinga,19,0.0,1.0,-12.98,-41.43,,PARNA DA CHAPADA DA DIAMANTINA
34,2015/09/15 19:15:00,MSG-03,Brasil,BAHIA,PALMEIRAS,Caatinga,26,0.0,1.0,-12.66,-41.52,,PARNA DA CHAPADA DA DIAMANTINA
35,2015/09/15 18:00:00,GOES-13,Brasil,BAHIA,PALMEIRAS,Caatinga,23,0.0,1.0,-12.7,-41.49,,PARNA DA CHAPADA DA DIAMANTINA
36,2015/09/15 17:17:00,NPP-375,Brasil,BAHIA,MUCUGE,Caatinga,21,0.0,1.0,-12.75873,-41.433279999999996,,PARNA DA CHAPADA DA DIAMANTINA
37,2015/09/15 20:45:00,MSG-03,Brasil,BAHIA,PALMEIRAS,Caatinga,25,0.0,1.0,-12.66,-41.57,,PARNA DA CHAPADA DA DIAMANTINA
38,2015/09/12 16:33:00,NPP-375,Brasil,BAHIA,ANDARAI,Caatinga,20,0.0,1.0,-12.785960000000001,-41.37508,,PARNA DA CHAPADA DA DIAMANTINA
39,2015/09/16 04:24:00,NPP-375,Brasil,BAHIA,PALMEIRAS,Caatinga,25,0.0,1.0,-12.69157,-41.52623,,PARNA DA CHAPADA DA DIAMANTINA
40,2015/09/13 03:40:00,NPP-375,Brasil,BAHIA,ANDARAI,Caatinga,20,0.0,1.0,-12.774460000000001,-41.39651,,PARNA DA CHAPADA DA DIAMANTINA
41,2015/09/13 20:01:29,NOAA-18,Brasil,BAHIA,MUCUGE,Caatinga,18,0.0,1.0,-12.795,-41.43600000000001,,PARNA DA CHAPADA DA DIAMANTINA
42,2015/09/15 17:17:00,NPP-375,Brasil,BAHIA,PALMEIRAS,Caatinga,23,0.0,1.0,-12.70406,-41.51186,,PARNA DA CHAPADA DA DIAMANTINA
43,2015/09/12 01:00:00,GOES-13,Brasil,BAHIA,ANDARAI,Caatinga,21,0.0,1.0,-12.78,-41.34,,PARNA DA CHAPADA DA DIAMANTINA
44,2015/09/12 20:12:58,NOAA-18,Brasil,BAHIA,MUCUGE,Caatinga,18,0.0,1.0,-13.032,-41.391999999999996,,PARNA DA CHAPADA DA DIAMANTINA
45,2015/09/16 04:24:00,NPP-375,Brasil,BAHIA,MUCUGE,Caatinga,23,0.0,1.0,-12.71291,-41.48771,,PARNA DA CHAPADA DA DIAMANTINA
46,2015/08/25 13:01:00,TERRA_M-T,Brasil,BAHIA,ANDARAI,Caatinga,1,0.5,1.0,-12.735999999999999,-41.273999999999994,,PARNA DA CHAPADA DA DIAMANTINA
47,2015/09/13 20:01:29,NOAA-18,Brasil,BAHIA,MUCUGE,Caatinga,19,0.0,1.0,-12.782,-41.422,,PARNA DA CHAPADA DA DIAMANTINA
48,2015/09/12 23:30:00,MSG-03,Brasil,BAHIA,MUCUGE,Caatinga,18,0.0,1.0,-12.78,-41.42,,PARNA DA CHAPADA DA DIAMANTINA
49,2015/09/12 01:00:00,GOES-13,Brasil,BAHIA,ANDARAI,Caatinga,21,0.0,1.0,-12.78,-41.36,,PARNA DA CHAPADA DA DIAMANTINA
50,2015/09/12 16:33:00,NPP-375,Brasil,BAHIA,ANDARAI,Caatinga,19,0.0,1.0,-12.78089,-41.38905,,PARNA DA CHAPADA DA DIAMANTINA
51,2015/09/15 17:26:04,NOAA-19,Brasil,BAHIA,ANDARAI,Caatinga,23,0.0,1.0,-12.780999999999999,-41.382,,PARNA DA CHAPADA DA DIAMANTINA
52,2015/09/15 15:36:00,NPP-375,Brasil,BAHIA,PALMEIRAS,Caatinga,23,0.0,1.0,-12.69629,-41.50458,,PARNA DA CHAPADA DA DIAMANTINA
53,2015/09/13 03:40:00,NPP-375,Brasil,BAHIA,ANDARAI,Caatinga,20,0.0,1.0,-12.789000000000001,-41.39118,,PARNA DA CHAPADA DA DIAMANTINA
54,2015/09/12 16:33:00,NPP-375,Brasil,BAHIA,ANDARAI,Caatinga,19,0.0,1.0,-12.798,-41.38169,,PARNA DA CHAPADA DA DIAMANTINA
55,2015/09/12 16:33:00,NPP-375,Brasil,BAHIA,MUCUGE,Caatinga,17,0.0,1.0,-13.01447,-41.381159999999994,,PARNA DA CHAPADA DA DIAMANTINA
56,2015/09/15 04:43:00,NPP-375,Brasil,BAHIA,PALMEIRAS,Caatinga,23,0.0,1.0,-12.70197,-41.470729999999996,,PARNA DA CHAPADA DA DIAMANTINA
57,2015/09/12 16:33:00,NPP-375,Brasil,BAHIA,MUCUGE,Caatinga,17,0.0,1.0,-13.02024,-41.38041,,PARNA DA CHAPADA DA DIAMANTINA
58,2015/09/13 03:40:00,NPP-375,Brasil,BAHIA,MUCUGE,Caatinga,18,0.0,1.0,-13.02543,-41.37966,,PARNA DA CHAPADA DA DIAMANTINA
59,2015/09/06 16:14:00,AQUA_M-T,Brasil,BAHIA,PALMEIRAS,Caatinga,12,0.0,1.0,-12.690999999999999,-41.63,,PARNA DA CHAPADA DA DIAMANTINA
60,2015/09/15 17:17:00,NPP-375,Brasil,BAHIA,PALMEIRAS,Caatinga,23,0.0,1.0,-12.69382,-41.505109999999995,,PARNA DA CHAPADA DA DIAMANTINA
61,2015/09/15 17:45:00,GOES-13,Brasil,BAHIA,PALMEIRAS,Caatinga,23,0.0,1.0,-12.7,-41.49,,PARNA DA CHAPADA DA DIAMANTINA
62,2015/08/27 16:33:00,NPP-375,Brasil,BAHIA,IBICOARA,Caatinga,7,0.0,1.0,-13.238560000000001,-41.403240000000004,,PARNA DA CHAPADA DA DIAMANTINA
63,2015/09/14 15:55:00,NPP-375,Brasil,BAHIA,ANDARAI,Caatinga,23,0.0,1.0,-12.7526,-41.38628,,PARNA DA CHAPADA DA DIAMANTINA
64,2015/09/13 03:40:00,NPP-375,Brasil,BAHIA,ANDARAI,Caatinga,20,0.0,1.0,-12.78765,-41.39866,,PARNA DA CHAPADA DA DIAMANTINA
65,2015/09/15 17:00:00,MSG-03,Brasil,BAHIA,PALMEIRAS,Caatinga,24,0.0,1.0,-12.69,-41.53,,PARNA DA CHAPADA DA DIAMANTINA
66,2015/09/12 16:33:00,NPP-375,Brasil,BAHIA,MUCUGE,Caatinga,18,0.0,1.0,-13.01869,-41.38467,,PARNA DA CHAPADA DA DIAMANTINA
67,2015/08/22 16:27:00,NPP-375,Brasil,BAHIA,ITAETE,Caatinga,2,0.0,1.0,-13.13079,-41.0781,,PARNA DA CHAPADA DA DIAMANTINA
68,2015/09/15 17:17:00,NPP-375,Brasil,BAHIA,PALMEIRAS,Caatinga,23,0.0,1.0,-12.70609,-41.48664,,PARNA DA CHAPADA DA DIAMANTINA
69,2015/09/13 03:40:00,NPP-375,Brasil,BAHIA,ANDARAI,Caatinga,20,0.0,1.0,-12.794,-41.38856,,PARNA DA CHAPADA DA DIAMANTINA
70,2015/08/08 20:13:36,NOAA-18,Brasil,BAHIA,MUCUGE,Caatinga,9,0.1,1.0,-13.062000000000001,-41.369,,PARNA DA CHAPADA DA DIAMANTINA
71,2015/09/15 15:45:00,MSG-03,Brasil,BAHIA,PALMEIRAS,Caatinga,24,0.0,1.0,-12.69,-41.53,,PARNA DA CHAPADA DA DIAMANTINA
72,2015/09/15 17:17:00,NPP-375,Brasil,BAHIA,MUCUGE,Caatinga,22,0.0,1.0,-12.71142,-41.48526,,PARNA DA CHAPADA DA DIAMANTINA
73,2015/09/12 16:33:00,NPP-375,Brasil,BAHIA,MUCUGE,Caatinga,18,0.0,1.0,-13.02224,-41.38411,,PARNA DA CHAPADA DA DIAMANTINA
74,2015/08/08 20:13:36,NOAA-18,Brasil,BAHIA,MUCUGE,Caatinga,9,0.1,1.0,-13.061,-41.361000000000004,,PARNA DA CHAPADA DA DIAMANTINA
75,2015/09/14 15:55:00,NPP-375,Brasil,BAHIA,ANDARAI,Caatinga,20,0.0,1.0,-12.777000000000001,-41.41695,,PARNA DA CHAPADA DA DIAMANTINA
76,2015/09/13 16:20:00,AQUA_M-T,Brasil,BAHIA,ANDARAI,Caatinga,21,0.0,1.0,-12.780999999999999,-41.385,,PARNA DA CHAPADA DA DIAMANTINA
77,2015/09/15 15:36:00,NPP-375,Brasil,BAHIA,PALMEIRAS,Caatinga,23,0.0,1.0,-12.6958,-41.50013,,PARNA DA CHAPADA DA DIAMANTINA
78,2015/09/13 03:40:00,NPP-375,Brasil,BAHIA,ANDARAI,Caatinga,20,0.0,1.0,-12.79696,-41.372040000000005,,PARNA DA CHAPADA DA DIAMANTINA
79,2015/09/13 03:40:00,NPP-375,Brasil,BAHIA,ANDARAI,Caatinga,20,0.0,1.0,-12.77513,-41.3928,,PARNA DA CHAPADA DA DIAMANTINA
80,2015/09/16 16:51:00,AQUA_M-T,Brasil,BAHIA,ANDARAI,Caatinga,18,0.0,1.0,-12.668,-41.213,,PARNA DA CHAPADA DA DIAMANTINA
81,2015/09/15 16:08:00,AQUA_M-T,Brasil,BAHIA,MUCUGE,Caatinga,20,0.0,1.0,-12.76,-41.446000000000005,,PARNA DA CHAPADA DA DIAMANTINA
82,2015/09/13 20:01:29,NOAA-18,Brasil,BAHIA,MUCUGE,Caatinga,18,0.0,1.0,-12.812999999999999,-41.423,,PARNA DA CHAPADA DA DIAMANTINA
83,2015/09/12 20:12:58,NOAA-18,Brasil,BAHIA,MUCUGE,Caatinga,18,0.0,1.0,-13.015,-41.412,,PARNA DA CHAPADA DA DIAMANTINA
84,2015/09/12 16:33:00,NPP-375,Brasil,BAHIA,MUCUGE,Caatinga,18,0.0,1.0,-13.02163,-41.38879,,PARNA DA CHAPADA DA DIAMANTINA
85,2015/09/12 03:59:00,NPP-375,Brasil,BAHIA,ANDARAI,Caatinga,19,0.0,1.0,-12.79022,-41.379290000000005,,PARNA DA CHAPADA DA DIAMANTINA
86,2015/09/12 16:33:00,NPP-375,Brasil,BAHIA,MUCUGE,Caatinga,17,0.0,1.0,-13.01091,-41.38169,,PARNA DA CHAPADA DA DIAMANTINA
87,2015/09/15 17:17:00,NPP-375,Brasil,BAHIA,PALMEIRAS,Caatinga,23,0.0,1.0,-12.6955,-41.5129,,PARNA DA CHAPADA DA DIAMANTINA
88,2015/09/13 03:40:00,NPP-375,Brasil,BAHIA,ANDARAI,Caatinga,20,0.0,1.0,-12.77956,-41.3933,,PARNA DA CHAPADA DA DIAMANTINA
89,2015/09/13 16:14:00,NPP-375,Brasil,BAHIA,ANDARAI,Caatinga,21,0.0,1.0,-12.768239999999999,-41.38707,,PARNA DA CHAPADA DA DIAMANTINA
90,2015/09/12 03:59:00,NPP-375,Brasil,BAHIA,ANDARAI,Caatinga,20,0.0,1.0,-12.78283,-41.3818,,PARNA DA CHAPADA DA DIAMANTINA
91,2015/09/15 17:15:00,MSG-03,Brasil,BAHIA,PALMEIRAS,Caatinga,26,0.0,1.0,-12.66,-41.52,,PARNA DA CHAPADA DA DIAMANTINA
92,2015/09/12 17:30:00,MSG-03,Brasil,BAHIA,ANDARAI,Caatinga,19,0.0,1.0,-12.75,-41.41,,PARNA DA CHAPADA DA DIAMANTINA
93,2015/09/12 16:33:00,NPP-375,Brasil,BAHIA,MUCUGE,Caatinga,18,0.0,1.0,-13.013530000000001,-41.398,,PARNA DA CHAPADA DA DIAMANTINA
94,2015/09/14 15:55:00,NPP-375,Brasil,BAHIA,ANDARAI,Caatinga,21,0.0,1.0,-12.79238,-41.39417,,PARNA DA CHAPADA DA DIAMANTINA
95,2015/09/15 16:00:00,GOES-13,Brasil,BAHIA,PALMEIRAS,Caatinga,23,0.0,1.0,-12.7,-41.49,,PARNA DA CHAPADA DA DIAMANTINA
96,2015/09/12 03:59:00,NPP-375,Brasil,BAHIA,ANDARAI,Caatinga,20,0.0,1.0,-12.78223,-41.385490000000004,,PARNA DA CHAPADA DA DIAMANTINA
97,2015/09/12 01:15:00,MSG-03,Brasil,BAHIA,MUCUGE,Caatinga,18,0.0,1.0,-12.78,-41.42,,PARNA DA CHAPADA DA DIAMANTINA
98,2015/09/13 20:01:29,NOAA-18,Brasil,BAHIA,ANDARAI,Caatinga,19,0.0,1.0,-12.780999999999999,-41.413999999999994,,PARNA DA CHAPADA DA DIAMANTINA
99,2015/09/14 17:03:00,AQUA_M-T,Brasil,BAHIA,ANDARAI,Caatinga,22,0.0,1.0,-12.754000000000001,-41.402,,PARNA DA CHAPADA DA DIAMANTINA
100,2015/09/12 12:48:00,TERRA_M-T,Brasil,BAHIA,ANDARAI,Caatinga,20,0.0,1.0,-12.78,-41.385,,PARNA DA CHAPADA DA DIAMANTINA
101,2015/09/12 16:33:00,NPP-375,Brasil,BAHIA,MUCUGE,Caatinga,18,0.0,1.0,-13.02093,-41.3846,,PARNA DA CHAPADA DA DIAMANTINA
102,2015/09/15 19:00:00,GOES-13,Brasil,BAHIA,PALMEIRAS,Caatinga,23,0.0,1.0,-12.7,-41.49,,PARNA DA CHAPADA DA DIAMANTINA
103,2015/09/14 15:55:00,NPP-375,Brasil,BAHIA,MUCUGE,Caatinga,20,0.0,1.0,-12.76912,-41.427009999999996,,PARNA DA CHAPADA DA DIAMANTINA
104,2015/09/14 15:55:00,NPP-375,Brasil,BAHIA,MUCUGE,Caatinga,20,0.0,1.0,-12.7685,-41.42204,,PARNA DA CHAPADA DA DIAMANTINA
105,2015/09/13 16:14:00,NPP-375,Brasil,BAHIA,ANDARAI,Caatinga,21,0.0,1.0,-12.77403,-41.378609999999995,,PARNA DA CHAPADA DA DIAMANTINA
106,2015/09/16 04:24:00,NPP-375,Brasil,BAHIA,PALMEIRAS,Caatinga,25,0.0,1.0,-12.68908,-41.515640000000005,,PARNA DA CHAPADA DA DIAMANTINA
107,2015/09/14 15:55:00,NPP-375,Brasil,BAHIA,ANDARAI,Caatinga,23,0.0,1.0,-12.74997,-41.38346,,PARNA DA CHAPADA DA DIAMANTINA
108,2015/09/14 15:55:00,NPP-375,Brasil,BAHIA,ANDARAI,Caatinga,21,0.0,1.0,-12.79693,-41.39405,,PARNA DA CHAPADA DA DIAMANTINA
109,2015/09/15 17:17:00,NPP-375,Brasil,BAHIA,MUCUGE,Caatinga,21,0.0,1.0,-12.76206,-41.42845,,PARNA DA CHAPADA DA DIAMANTINA
110,2015/09/14 15:55:00,NPP-375,Brasil,BAHIA,ANDARAI,Caatinga,23,0.0,1.0,-12.74812,-41.38691,,PARNA DA CHAPADA DA DIAMANTINA
111,2015/09/12 01:58:00,TERRA_M-M,Brasil,BAHIA,ANDARAI,Caatinga,19,0.0,1.0,-12.782,-41.395,,PARNA DA CHAPADA DA DIAMANTINA
112,2015/09/12 16:33:00,NPP-375,Brasil,BAHIA,MUCUGE,Caatinga,17,0.0,1.0,-13.0238,-41.37984,,PARNA DA CHAPADA DA DIAMANTINA
113,2015/09/12 20:13:01,NOAA-18,Brasil,BAHIA,ANDARAI,Caatinga,18,0.0,1.0,-12.819,-41.39,,PARNA DA CHAPADA DA DIAMANTINA
114,2015/09/12 01:58:00,TERRA_M-M,Brasil,BAHIA,ANDARAI,Caatinga,19,0.0,1.0,-12.793,-41.383,,PARNA DA CHAPADA DA DIAMANTINA
115,2015/09/15 04:43:00,NPP-375,Brasil,BAHIA,PALMEIRAS,Caatinga,23,0.0,1.0,-12.705010000000001,-41.467490000000005,,PARNA DA CHAPADA DA DIAMANTINA
116,2015/09/15 17:15:00,MSG-03,Brasil,BAHIA,PALMEIRAS,Caatinga,24,0.0,1.0,-12.69,-41.53,,PARNA DA CHAPADA DA DIAMANTINA
117,2015/09/13 03:40:00,NPP-375,Brasil,BAHIA,MUCUGE,Caatinga,18,0.0,1.0,-13.02618,-41.37543,,PARNA DA CHAPADA DA DIAMANTINA
118,2015/09/13 04:06:00,AQUA_M-M,Brasil,BAHIA,ANDARAI,Caatinga,20,0.0,1.0,-12.780999999999999,-41.393,,PARNA DA CHAPADA DA DIAMANTINA
119,2015/08/08 20:13:35,NOAA-18,Brasil,BAHIA,MUCUGE,Caatinga,9,0.1,1.0,-13.071,-41.358999999999995,,PARNA DA CHAPADA DA DIAMANTINA
120,2015/08/26 16:52:00,NPP-375,Brasil,BAHIA,ANDARAI,Caatinga,3,4.8,1.0,-12.55712,-41.292320000000004,,PARNA DA CHAPADA DA DIAMANTINA
121,2015/09/15 17:17:00,NPP-375,Brasil,BAHIA,PALMEIRAS,Caatinga,23,0.0,1.0,-12.69695,-41.51263,,PARNA DA CHAPADA DA DIAMANTINA
122,2015/09/15 17:17:00,NPP-375,Brasil,BAHIA,PALMEIRAS,Caatinga,23,0.0,1.0,-12.70262,-41.51214,,PARNA DA CHAPADA DA DIAMANTINA
123,2015/09/12 01:58:00,TERRA_M-M,Brasil,BAHIA,ANDARAI,Caatinga,19,0.0,1.0,-12.797,-41.388999999999996,,PARNA DA CHAPADA DA DIAMANTINA
124,2015/09/13 16:20:00,AQUA_M-T,Brasil,BAHIA,ANDARAI,Caatinga,19,0.0,1.0,-12.793,-41.403,,PARNA DA CHAPADA DA DIAMANTINA
125,2015/09/12 16:33:00,NPP-375,Brasil,BAHIA,MUCUGE,Caatinga,20,0.0,1.0,-13.087710000000001,-41.50312,,PARNA DA CHAPADA DA DIAMANTINA
126,2015/09/15 17:17:00,NPP-375,Brasil,BAHIA,PALMEIRAS,Caatinga,23,0.0,1.0,-12.69921,-41.4963,,PARNA DA CHAPADA DA DIAMANTINA
127,2015/09/12 03:59:00,NPP-375,Brasil,BAHIA,ANDARAI,Caatinga,19,0.0,1.0,-12.79301,-41.383559999999996,,PARNA DA CHAPADA DA DIAMANTINA
128,2015/09/15 17:17:00,NPP-375,Brasil,BAHIA,PALMEIRAS,Caatinga,23,0.0,1.0,-12.69754,-41.48854,,PARNA DA CHAPADA DA DIAMANTINA
129,2015/09/12 01:58:00,TERRA_M-M,Brasil,BAHIA,MUCUGE,Caatinga,18,0.0,1.0,-12.799000000000001,-41.415,,PARNA DA CHAPADA DA DIAMANTINA
130,2015/09/15 17:26:04,NOAA-19,Brasil,BAHIA,ANDARAI,Caatinga,23,0.0,1.0,-12.779000000000002,-41.373000000000005,,PARNA DA CHAPADA DA DIAMANTINA
131,2015/09/13 16:14:00,NPP-375,Brasil,BAHIA,ANDARAI,Caatinga,20,0.0,1.0,-12.790939999999999,-41.39865,,PARNA DA CHAPADA DA DIAMANTINA
132,2015/09/13 01:03:00,TERRA_M-M,Brasil,BAHIA,ANDARAI,Caatinga,20,0.0,1.0,-12.798,-41.373999999999995,,PARNA DA CHAPADA DA DIAMANTINA
133,2015/09/12 16:33:00,NPP-375,Brasil,BAHIA,MUCUGE,Caatinga,18,0.0,1.0,-13.01154,-41.38562,,PARNA DA CHAPADA DA DIAMANTINA
134,2015/09/15 15:36:00,NPP-375,Brasil,BAHIA,PALMEIRAS,Caatinga,23,0.0,1.0,-12.70294,-41.50795,,PARNA DA CHAPADA DA DIAMANTINA
135,2015/09/13 16:20:00,AQUA_M-T,Brasil,BAHIA,ANDARAI,Caatinga,20,0.0,1.0,-12.774000000000001,-41.405,,PARNA DA CHAPADA DA DIAMANTINA
136,2015/09/15 17:17:00,NPP-375,Brasil,BAHIA,PALMEIRAS,Caatinga,22,0.0,1.0,-12.707930000000001,-41.50293,,PARNA DA CHAPADA DA DIAMANTINA
137,2015/09/14 15:55:00,NPP-375,Brasil,BAHIA,ANDARAI,Caatinga,23,0.0,1.0,-12.75049,-41.38765,,PARNA DA CHAPADA DA DIAMANTINA
138,2015/09/15 18:30:00,GOES-13,Brasil,BAHIA,PALMEIRAS,Caatinga,23,0.0,1.0,-12.7,-41.46,,PARNA DA CHAPADA DA DIAMANTINA
139,2015/09/15 17:15:00,MSG-03,Brasil,BAHIA,PALMEIRAS,Caatinga,25,0.0,1.0,-12.66,-41.57,,PARNA DA CHAPADA DA DIAMANTINA
140,2015/09/12 20:12:58,NOAA-18,Brasil,BAHIA,MUCUGE,Caatinga,18,0.0,1.0,-13.043,-41.397,,PARNA DA CHAPADA DA DIAMANTINA
141,2015/09/14 15:55:00,NPP-375,Brasil,BAHIA,ANDARAI,Caatinga,23,0.0,1.0,-12.75888,-41.38183,,PARNA DA CHAPADA DA DIAMANTINA
142,2015/09/12 22:45:00,MSG-03,Brasil,BAHIA,ANDARAI,Caatinga,19,0.0,1.0,-12.75,-41.41,,PARNA DA CHAPADA DA DIAMANTINA
143,2015/09/13 04:06:00,AQUA_M-M,Brasil,BAHIA,ANDARAI,Caatinga,20,0.0,1.0,-12.78,-41.403,,PARNA DA CHAPADA DA DIAMANTINA
144,2015/09/12 16:33:00,NPP-375,Brasil,BAHIA,MUCUGE,Caatinga,18,0.0,1.0,-13.00997,-41.3985,,PARNA DA CHAPADA DA DIAMANTINA
145,2015/09/13 01:03:00,TERRA_M-M,Brasil,BAHIA,ANDARAI,Caatinga,21,0.0,1.0,-12.777000000000001,-41.391000000000005,,PARNA DA CHAPADA DA DIAMANTINA
146,2015/09/16 16:58:00,NPP-375,Brasil,BAHIA,ANDARAI,Caatinga,17,0.0,1.0,-12.660910000000001,-41.20948,,PARNA DA CHAPADA DA DIAMANTINA
147,2015/09/09 20:47:29,NOAA-18,Brasil,BAHIA,IRAMAIA,Caatinga,11,0.0,1.0,-13.292,-41.09,,PARNA DA CHAPADA DA DIAMANTINA
148,2015/09/15 16:00:00,MSG-03,Brasil,BAHIA,PALMEIRAS,Caatinga,24,0.0,1.0,-12.69,-41.53,,PARNA DA CHAPADA DA DIAMANTINA
149,2015/09/15 17:17:00,NPP-375,Brasil,BAHIA,PALMEIRAS,Caatinga,23,0.0,1.0,-12.70091,-41.50421,,PARNA DA CHAPADA DA DIAMANTINA
150,2015/09/13 03:40:00,NPP-375,Brasil,BAHIA,ANDARAI,Caatinga,20,0.0,1.0,-12.78689,-41.40286,,PARNA DA CHAPADA DA DIAMANTINA
151,2015/09/13 16:14:00,NPP-375,Brasil,BAHIA,ANDARAI,Caatinga,20,0.0,1.0,-12.773760000000001,-41.40105,,PARNA DA CHAPADA DA DIAMANTINA
152,2015/09/12 20:13:02,NOAA-18,Brasil,BAHIA,ANDARAI,Caatinga,18,0.0,1.0,-12.808,-41.385,,PARNA DA CHAPADA DA DIAMANTINA
153,2015/09/20 15:42:00,NPP-375,Brasil,BAHIA,MUCUGE,Caatinga,25,0.1,1.0,-12.86989,-41.50294,,PARNA DA CHAPADA DA DIAMANTINA
154,2015/09/15 17:00:00,MSG-03,Brasil,BAHIA,PALMEIRAS,Caatinga,23,0.0,1.0,-12.69,-41.57,,PARNA DA CHAPADA DA DIAMANTINA
155,2015/09/13 03:40:00,NPP-375,Brasil,BAHIA,ANDARAI,Caatinga,20,0.0,1.0,-12.7789,-41.39695,,PARNA DA CHAPADA DA DIAMANTINA
156,2015/09/15 19:38:20,NOAA-18,Brasil,BAHIA,MUCUGE,Caatinga,21,0.0,1.0,-12.739,-41.595,,PARNA DA CHAPADA DA DIAMANTINA
157,2015/09/15 16:00:00,GOES-13,Brasil,BAHIA,PALMEIRAS,Caatinga,23,0.0,1.0,-12.7,-41.46,,PARNA DA CHAPADA DA DIAMANTINA
158,2015/09/12 20:12:58,NOAA-18,Brasil,BAHIA,MUCUGE,Caatinga,18,0.0,1.0,-13.034,-41.407,,PARNA DA CHAPADA DA DIAMANTINA
159,2015/09/15 17:17:00,NPP-375,Brasil,BAHIA,PALMEIRAS,Caatinga,23,0.0,1.0,-12.70186,-41.466359999999995,,PARNA DA CHAPADA DA DIAMANTINA
160,2015/09/13 16:14:00,NPP-375,Brasil,BAHIA,ANDARAI,Caatinga,20,0.0,1.0,-12.77614,-41.39326,,PARNA DA CHAPADA DA DIAMANTINA
161,2015/09/15 17:00:00,MSG-03,Brasil,BAHIA,PALMEIRAS,Caatinga,26,0.0,1.0,-12.66,-41.52,,PARNA DA CHAPADA DA DIAMANTINA
162,2015/09/12 01:00:00,MSG-03,Brasil,BAHIA,MUCUGE,Caatinga,18,0.0,1.0,-12.78,-41.42,,PARNA DA CHAPADA DA DIAMANTINA
163,2015/09/12 16:33:00,NPP-375,Brasil,BAHIA,ANDARAI,Caatinga,20,0.0,1.0,-12.79307,-41.3738,,PARNA DA CHAPADA DA DIAMANTINA
164,2015/09/13 03:40:00,NPP-375,Brasil,BAHIA,ANDARAI,Caatinga,20,0.0,1.0,-12.77817,-41.40101,,PARNA DA CHAPADA DA DIAMANTINA
165,2015/09/16 16:58:00,NPP-375,Brasil,BAHIA,IRAMAIA,Caatinga,12,0.0,1.0,-13.3127,-41.09064,,PARNA DA CHAPADA DA DIAMANTINA
166,2015/09/12 03:59:00,NPP-375,Brasil,BAHIA,ANDARAI,Caatinga,19,0.0,1.0,-12.789019999999999,-41.38662,,PARNA DA CHAPADA DA DIAMANTINA
167,2015/09/15 15:36:00,NPP-375,Brasil,BAHIA,PALMEIRAS,Caatinga,23,0.0,1.0,-12.70197,-41.49915,,PARNA DA CHAPADA DA DIAMANTINA
168,2015/09/13 20:01:29,NOAA-18,Brasil,BAHIA,MUCUGE,Caatinga,18,0.0,1.0,-12.812000000000001,-41.415,,PARNA DA CHAPADA DA DIAMANTINA
169,2015/09/13 16:14:00,NPP-375,Brasil,BAHIA,ANDARAI,Caatinga,21,0.0,1.0,-12.77271,-41.393809999999995,,PARNA DA CHAPADA DA DIAMANTINA
170,2015/09/12 03:59:00,NPP-375,Brasil,BAHIA,ANDARAI,Caatinga,20,0.0,1.0,-12.783430000000001,-41.37812,,PARNA DA CHAPADA DA DIAMANTINA
171,2015/09/16 04:24:00,NPP-375,Brasil,BAHIA,MUCUGE,Caatinga,22,0.0,1.0,-12.7556,-41.43462,,PARNA DA CHAPADA DA DIAMANTINA
172,2015/09/13 17:00:00,MSG-03,Brasil,BAHIA,ANDARAI,Caatinga,20,0.0,1.0,-12.75,-41.41,,PARNA DA CHAPADA DA DIAMANTINA
173,2015/09/12 16:33:00,NPP-375,Brasil,BAHIA,MUCUGE,Caatinga,18,0.0,1.0,-13.00929,-41.39431,,PARNA DA CHAPADA DA DIAMANTINA
174,2015/09/12 16:33:00,NPP-375,Brasil,BAHIA,ANDARAI,Caatinga,20,0.0,1.0,-12.77378,-41.39032,,PARNA DA CHAPADA DA DIAMANTINA
175,2015/09/12 20:13:02,NOAA-18,Brasil,BAHIA,ANDARAI,Caatinga,18,0.0,1.0,-12.81,-41.391999999999996,,PARNA DA CHAPADA DA DIAMANTINA
176,2015/09/12 02:00:00,MSG-03,Brasil,BAHIA,MUCUGE,Caatinga,18,0.0,1.0,-12.78,-41.42,,PARNA DA CHAPADA DA DIAMANTINA
177,2015/09/13 16:14:00,NPP-375,Brasil,BAHIA,ANDARAI,Caatinga,21,0.0,1.0,-12.770610000000001,-41.37914,,PARNA DA CHAPADA DA DIAMANTINA
178,2015/09/15 20:45:00,MSG-03,Brasil,BAHIA,PALMEIRAS,Caatinga,24,0.0,1.0,-12.69,-41.53,,PARNA DA CHAPADA DA DIAMANTINA
179,2015/09/12 20:13:02,NOAA-18,Brasil,BAHIA,ANDARAI,Caatinga,18,0.0,1.0,-12.790999999999999,-41.403999999999996,,PARNA DA CHAPADA DA DIAMANTINA
180,2015/09/12 23:00:00,MSG-03,Brasil,BAHIA,ANDARAI,Caatinga,19,0.0,1.0,-12.75,-41.41,,PARNA DA CHAPADA DA DIAMANTINA
181,2015/09/12 16:33:00,NPP-375,Brasil,BAHIA,MUCUGE,Caatinga,18,0.0,1.0,-13.01422,-41.40228,,PARNA DA CHAPADA DA DIAMANTINA
182,2015/09/15 15:36:00,NPP-375,Brasil,BAHIA,MUCUGE,Caatinga,20,0.0,1.0,-12.76385,-41.44693,,PARNA DA CHAPADA DA DIAMANTINA
183,2015/09/15 17:17:00,NPP-375,Brasil,BAHIA,PALMEIRAS,Caatinga,23,0.0,1.0,-12.69866,-41.52081,,PARNA DA CHAPADA DA DIAMANTINA
184,2015/09/13 04:06:00,AQUA_M-M,Brasil,BAHIA,ANDARAI,Caatinga,22,0.0,1.0,-12.769,-41.376000000000005,,PARNA DA CHAPADA DA DIAMANTINA
185,2015/09/12 20:12:58,NOAA-18,Brasil,BAHIA,MUCUGE,Caatinga,18,0.0,1.0,-13.024000000000001,-41.402,,PARNA DA CHAPADA DA DIAMANTINA
186,2015/09/15 19:00:00,MSG-03,Brasil,BAHIA,PALMEIRAS,Caatinga,24,0.0,1.0,-12.69,-41.53,,PARNA DA CHAPADA DA DIAMANTINA
187,2015/09/12 20:12:58,NOAA-18,Brasil,BAHIA,MUCUGE,Caatinga,19,0.0,1.0,-13.005999999999998,-41.42100000000001,,PARNA DA CHAPADA DA DIAMANTINA
188,2015/09/13 03:40:00,NPP-375,Brasil,BAHIA,MUCUGE,Caatinga,19,0.0,1.0,-13.01878,-41.39164,,PARNA DA CHAPADA DA DIAMANTINA
189,2015/09/12 01:58:00,TERRA_M-M,Brasil,BAHIA,ANDARAI,Caatinga,20,0.0,1.0,-12.777999999999999,-41.387,,PARNA DA CHAPADA DA DIAMANTINA
190,2015/09/12 16:30:00,GOES-13,Brasil,BAHIA,MUCUGE,Caatinga,17,0.0,1.0,-13.01,-41.38,,PARNA DA CHAPADA DA DIAMANTINA
191,2015/09/12 16:33:00,NPP-375,Brasil,BAHIA,ANDARAI,Caatinga,20,0.0,1.0,-12.777339999999999,-41.38969,,PARNA DA CHAPADA DA DIAMANTINA
192,2015/09/13 20:01:29,NOAA-18,Brasil,BAHIA,MUCUGE,Caatinga,18,0.0,1.0,-12.793,-41.428000000000004,,PARNA DA CHAPADA DA DIAMANTINA
193,2015/09/12 16:30:00,GOES-13,Brasil,BAHIA,MUCUGE,Caatinga,17,0.0,1.0,-13.01,-41.35,,PARNA DA CHAPADA DA DIAMANTINA
194,2015/09/15 16:30:00,GOES-13,Brasil,BAHIA,PALMEIRAS,Caatinga,23,0.0,1.0,-12.7,-41.46,,PARNA DA CHAPADA DA DIAMANTINA
195,2015/09/12 16:33:00,NPP-375,Brasil,BAHIA,MUCUGE,Caatinga,18,0.0,1.0,-13.028039999999999,-41.38344,,PARNA DA CHAPADA DA DIAMANTINA
196,2015/09/15 15:36:00,NPP-375,Brasil,BAHIA,PALMEIRAS,Caatinga,22,0.0,1.0,-12.70767,-41.493970000000004,,PARNA DA CHAPADA DA DIAMANTINA
197,2015/09/13 03:40:00,NPP-375,Brasil,BAHIA,ANDARAI,Caatinga,20,0.0,1.0,-12.78254,-41.4019,,PARNA DA CHAPADA DA DIAMANTINA
198,2015/09/12 03:59:00,NPP-375,Brasil,BAHIA,ANDARAI,Caatinga,20,0.0,1.0,-12.78623,-41.38237,,PARNA DA CHAPADA DA DIAMANTINA
199,2015/09/15 17:17:00,NPP-375,Brasil,BAHIA,PALMEIRAS,Caatinga,23,0.0,1.0,-12.70241,-41.50391,,PARNA DA CHAPADA DA DIAMANTINA
200,2015/09/15 18:00:00,GOES-13,Brasil,BAHIA,PALMEIRAS,Caatinga,23,0.0,1.0,-12.7,-41.46,,PARNA DA CHAPADA DA DIAMANTINA
201,2015/09/13 16:14:00,NPP-375,Brasil,BAHIA,ANDARAI,Caatinga,20,0.0,1.0,-12.77719,-41.40054,,PARNA DA CHAPADA DA DIAMANTINA
202,2015/09/06 16:46:00,NPP-375,Brasil,BAHIA,PALMEIRAS,Caatinga,12,0.0,1.0,-12.68373,-41.63337,,PARNA DA CHAPADA DA DIAMANTINA
203,2015/09/13 16:14:00,NPP-375,Brasil,BAHIA,ANDARAI,Caatinga,20,0.0,1.0,-12.7904,-41.39495,,PARNA DA CHAPADA DA DIAMANTINA
204,2015/09/12 16:33:00,NPP-375,Brasil,BAHIA,MUCUGE,Caatinga,18,0.0,1.0,-13.02449,-41.38402,,PARNA DA CHAPADA DA DIAMANTINA
205,2015/09/12 16:33:00,NPP-375,Brasil,BAHIA,MUCUGE,Caatinga,18,0.0,1.0,-13.01065,-41.40274,,PARNA DA CHAPADA DA DIAMANTINA
206,2015/09/12 03:59:00,NPP-375,Brasil,BAHIA,ANDARAI,Caatinga,19,0.0,1.0,-12.795810000000001,-41.3878,,PARNA DA CHAPADA DA DIAMANTINA
207,2015/09/13 16:14:00,NPP-375,Brasil,BAHIA,ANDARAI,Caatinga,22,0.0,1.0,-12.76717,-41.37963,,PARNA DA CHAPADA DA DIAMANTINA
208,2015/09/15 16:08:00,AQUA_M-T,Brasil,BAHIA,PALMEIRAS,Caatinga,22,0.0,1.0,-12.710999999999999,-41.506,,PARNA DA CHAPADA DA DIAMANTINA
209,2015/09/11 16:52:00,NPP-375,Brasil,BAHIA,ITAETE,Caatinga,12,0.0,1.0,-13.16739,-41.0423,,PARNA DA CHAPADA DA DIAMANTINA
210,2015/09/15 18:30:00,GOES-13,Brasil,BAHIA,PALMEIRAS,Caatinga,23,0.0,1.0,-12.7,-41.49,,PARNA DA CHAPADA DA DIAMANTINA
211,2015/09/12 22:45:00,MSG-03,Brasil,BAHIA,MUCUGE,Caatinga,18,0.0,1.0,-12.78,-41.42,,PARNA DA CHAPADA DA DIAMANTINA
212,2015/09/12 20:12:58,NOAA-18,Brasil,BAHIA,MUCUGE,Caatinga,18,0.0,1.0,-13.033,-41.398999999999994,,PARNA DA CHAPADA DA DIAMANTINA
213,2015/09/12 16:33:00,NPP-375,Brasil,BAHIA,ANDARAI,Caatinga,19,0.0,1.0,-12.78801,-41.387809999999995,,PARNA DA CHAPADA DA DIAMANTINA
214,2015/09/15 18:00:00,MSG-03,Brasil,BAHIA,PALMEIRAS,Caatinga,26,0.0,1.0,-12.66,-41.52,,PARNA DA CHAPADA DA DIAMANTINA
215,2015/09/13 16:20:00,AQUA_M-T,Brasil,BAHIA,ANDARAI,Caatinga,20,0.0,1.0,-12.792,-41.393,,PARNA DA CHAPADA DA DIAMANTINA
216,2015/09/12 00:45:00,MSG-03,Brasil,BAHIA,MUCUGE,Caatinga,18,0.0,1.0,-12.78,-41.42,,PARNA DA CHAPADA DA DIAMANTINA
217,2015/09/12 16:15:00,MSG-03,Brasil,BAHIA,MUCUGE,Caatinga,19,0.0,1.0,-12.98,-41.43,,PARNA DA CHAPADA DA DIAMANTINA
218,2015/09/13 03:40:00,NPP-375,Brasil,BAHIA,ANDARAI,Caatinga,20,0.0,1.0,-12.78461,-41.39042,,PARNA DA CHAPADA DA DIAMANTINA
219,2015/09/14 19:49:54,NOAA-18,Brasil,BAHIA,MUCUGE,Caatinga,20,0.0,1.0,-12.78,-41.427,,PARNA DA CHAPADA DA DIAMANTINA
220,2015/09/13 03:40:00,NPP-375,Brasil,BAHIA,ANDARAI,Caatinga,21,0.0,1.0,-12.772839999999999,-41.38046,,PARNA DA CHAPADA DA DIAMANTINA
221,2015/09/15 17:45:00,GOES-13,Brasil,BAHIA,PALMEIRAS,Caatinga,23,0.0,1.0,-12.7,-41.46,,PARNA DA CHAPADA DA DIAMANTINA
222,2015/09/13 01:03:00,TERRA_M-M,Brasil,BAHIA,MUCUGE,Caatinga,19,0.0,1.0,-13.027000000000001,-41.388000000000005,,PARNA DA CHAPADA DA DIAMANTINA
223,2015/09/14 15:55:00,NPP-375,Brasil,BAHIA,MUCUGE,Caatinga,20,0.0,1.0,-12.76464,-41.42775,,PARNA DA CHAPADA DA DIAMANTINA
224,2015/09/12 16:33:00,NPP-375,Brasil,BAHIA,MUCUGE,Caatinga,18,0.0,1.0,-13.0064,-41.39902,,PARNA DA CHAPADA DA DIAMANTINA
225,2015/09/05 17:04:00,NPP-375,Brasil,BAHIA,IBICOARA,Caatinga,11,0.1,1.0,-13.40197,-41.2123,,PARNA DA CHAPADA DA DIAMANTINA
226,2015/09/12 16:33:00,NPP-375,Brasil,BAHIA,MUCUGE,Caatinga,18,0.0,1.0,-13.0258,-41.383520000000004,,PARNA DA CHAPADA DA DIAMANTINA
227,2015/09/12 16:33:00,NPP-375,Brasil,BAHIA,ANDARAI,Caatinga,20,0.0,1.0,-12.77307,-41.385940000000005,,PARNA DA CHAPADA DA DIAMANTINA
228,2015/09/20 15:42:00,NPP-375,Brasil,BAHIA,MUCUGE,Caatinga,25,0.1,1.0,-12.86622,-41.50323,,PARNA DA CHAPADA DA DIAMANTINA
229,2015/09/12 16:33:00,NPP-375,Brasil,BAHIA,MUCUGE,Caatinga,18,0.0,1.0,-13.03229,-41.38702,,PARNA DA CHAPADA DA DIAMANTINA
230,2015/09/16 04:24:00,NPP-375,Brasil,BAHIA,MUCUGE,Caatinga,22,0.0,1.0,-12.75671,-41.43244,,PARNA DA CHAPADA DA DIAMANTINA
231,2015/09/15 17:15:00,MSG-03,Brasil,BAHIA,PALMEIRAS,Caatinga,23,0.0,1.0,-12.69,-41.57,,PARNA DA CHAPADA DA DIAMANTINA
232,2015/09/13 16:14:00,NPP-375,Brasil,BAHIA,ANDARAI,Caatinga,20,0.0,1.0,-12.79438,-41.398270000000004,,PARNA DA CHAPADA DA DIAMANTINA
233,2015/09/15 19:00:00,MSG-03,Brasil,BAHIA,PALMEIRAS,Caatinga,26,0.0,1.0,-12.66,-41.52,,PARNA DA CHAPADA DA DIAMANTINA
234,2015/09/13 04:06:00,AQUA_M-M,Brasil,BAHIA,ANDARAI,Caatinga,21,0.0,1.0,-12.772,-41.391999999999996,,PARNA DA CHAPADA DA DIAMANTINA
235,2015/09/13 03:40:00,NPP-375,Brasil,BAHIA,ANDARAI,Caatinga,21,0.0,1.0,-12.777239999999999,-41.38113,,PARNA DA CHAPADA DA DIAMANTINA
236,2015/09/11 16:52:00,NPP-375,Brasil,BAHIA,PALMEIRAS,Caatinga,11,0.0,1.0,-12.3836,-41.53687,,PARNA DA CHAPADA DA DIAMANTINA
237,2015/09/15 17:17:00,NPP-375,Brasil,BAHIA,PALMEIRAS,Caatinga,22,0.0,1.0,-12.70776,-41.494659999999996,,PARNA DA CHAPADA DA DIAMANTINA
238,2015/08/08 20:13:35,NOAA-18,Brasil,BAHIA,MUCUGE,Caatinga,9,0.1,1.0,-13.08,-41.356,,PARNA DA CHAPADA DA DIAMANTINA
239,2015/09/15 15:36:00,NPP-375,Brasil,BAHIA,MUCUGE,Caatinga,20,0.0,1.0,-12.75809,-41.440909999999995,,PARNA DA CHAPADA DA DIAMANTINA
240,2015/09/12 16:33:00,NPP-375,Brasil,BAHIA,MUCUGE,Caatinga,17,0.0,1.0,-13.03161,-41.38292,,PARNA DA CHAPADA DA DIAMANTINA
241,2015/09/12 20:12:58,NOAA-18,Brasil,BAHIA,MUCUGE,Caatinga,18,0.0,1.0,-13.025,-41.409,,PARNA DA CHAPADA DA DIAMANTINA
242,2015/09/13 16:14:00,NPP-375,Brasil,BAHIA,ANDARAI,Caatinga,21,0.0,1.0,-12.76428,-41.38387,,PARNA DA CHAPADA DA DIAMANTINA
243,2015/09/12 16:33:00,NPP-375,Brasil,BAHIA,MUCUGE,Caatinga,18,0.0,1.0,-13.00285,-41.39959,,PARNA DA CHAPADA DA DIAMANTINA
244,2015/09/12 16:33:00,NPP-375,Brasil,BAHIA,ANDARAI,Caatinga,19,0.0,1.0,-12.79375,-41.378009999999996,,PARNA DA CHAPADA DA DIAMANTINA
245,2015/09/15 17:17:00,NPP-375,Brasil,BAHIA,PALMEIRAS,Caatinga,23,0.0,1.0,-12.69374,-41.49727,,PARNA DA CHAPADA DA DIAMANTINA
246,2015/07/27 16:15:00,NPP-375,Brasil,BAHIA,MUCUGE,Caatinga,11,1.9,1.0,-13.089889999999999,-41.502320000000005,,PARNA DA CHAPADA DA DIAMANTINA
247,2015/09/12 16:33:00,NPP-375,Brasil,BAHIA,MUCUGE,Caatinga,17,0.0,1.0,-13.01802,-41.38053,,PARNA DA CHAPADA DA DIAMANTINA
248,2015/09/13 03:40:00,NPP-375,Brasil,BAHIA,ANDARAI,Caatinga,20,0.0,1.0,-12.78397,-41.39394,,PARNA DA CHAPADA DA DIAMANTINA
249,2015/09/13 01:03:00,TERRA_M-M,Brasil,BAHIA,ANDARAI,Caatinga,20,0.0,1.0,-12.8,-41.388999999999996,,PARNA DA CHAPADA DA DIAMANTINA
250,2015/09/15 15:36:00,NPP-375,Brasil,BAHIA,PALMEIRAS,Caatinga,23,0.0,1.0,-12.70245,-41.50354,,PARNA DA CHAPADA DA DIAMANTINA
251,2015/09/14 15:55:00,NPP-375,Brasil,BAHIA,ANDARAI,Caatinga,23,0.0,1.0,-12.75498,-41.38704,,PARNA DA CHAPADA DA DIAMANTINA
252,2015/09/12 20:12:58,NOAA-18,Brasil,BAHIA,MUCUGE,Caatinga,18,0.0,1.0,-13.044,-41.403999999999996,,PARNA DA CHAPADA DA DIAMANTINA
253,2015/09/15 17:17:00,NPP-375,Brasil,BAHIA,PALMEIRAS,Caatinga,22,0.0,1.0,-12.709389999999999,-41.50247,,PARNA DA CHAPADA DA DIAMANTINA
254,2015/09/13 03:40:00,NPP-375,Brasil,BAHIA,ANDARAI,Caatinga,20,0.0,1.0,-12.78835,-41.39476,,PARNA DA CHAPADA DA DIAMANTINA
255,2015/09/14 15:55:00,NPP-375,Brasil,BAHIA,ANDARAI,Caatinga,23,0.0,1.0,-12.754430000000001,-41.382659999999994,,PARNA DA CHAPADA DA DIAMANTINA
256,2015/09/13 03:40:00,NPP-375,Brasil,BAHIA,ANDARAI,Caatinga,22,0.0,1.0,-12.76845,-41.37973,,PARNA DA CHAPADA DA DIAMANTINA
257,2015/09/18 16:20:00,NPP-375,Brasil,BAHIA,LENCOIS,Caatinga,19,0.0,1.0,-12.50094,-41.293859999999995,,PARNA DA CHAPADA DA DIAMANTINA
258,2015/09/14 01:46:00,TERRA_M-M,Brasil,BAHIA,MUCUGE,Caatinga,20,0.0,1.0,-12.777000000000001,-41.424,,PARNA DA CHAPADA DA DIAMANTINA
259,2015/09/13 16:14:00,NPP-375,Brasil,BAHIA,ANDARAI,Caatinga,21,0.0,1.0,-12.76535,-41.39135,,PARNA DA CHAPADA DA DIAMANTINA
260,2015/09/13 20:01:29,NOAA-18,Brasil,BAHIA,ANDARAI,Caatinga,20,0.0,1.0,-12.78,-41.406000000000006,,PARNA DA CHAPADA DA DIAMANTINA
261,2015/09/12 16:33:00,NPP-375,Brasil,BAHIA,MUCUGE,Caatinga,17,0.0,1.0,-13.02513,-41.37936,,PARNA DA CHAPADA DA DIAMANTINA
262,2015/09/12 16:33:00,NPP-375,Brasil,BAHIA,MUCUGE,Caatinga,18,0.0,1.0,-13.01935,-41.38882,,PARNA DA CHAPADA DA DIAMANTINA
263,2015/09/15 18:30:00,MSG-03,Brasil,BAHIA,PALMEIRAS,Caatinga,26,0.0,1.0,-12.66,-41.52,,PARNA DA CHAPADA DA DIAMANTINA
264,2015/09/13 20:01:30,NOAA-18,Brasil,BAHIA,MUCUGE,Caatinga,19,0.0,1.0,-12.732999999999999,-41.492,,PARNA DA CHAPADA DA DIAMANTINA
265,2015/09/12 23:30:00,MSG-03,Brasil,BAHIA,ANDARAI,Caatinga,19,0.0,1.0,-12.75,-41.41,,PARNA DA CHAPADA DA DIAMANTINA
266,2015/09/12 16:33:00,NPP-375,Brasil,BAHIA,MUCUGE,Caatinga,17,0.0,1.0,-13.02157,-41.3799,,PARNA DA CHAPADA DA DIAMANTINA
267,2015/09/15 04:43:00,NPP-375,Brasil,BAHIA,PALMEIRAS,Caatinga,23,0.0,1.0,-12.70462,-41.47074,,PARNA DA CHAPADA DA DIAMANTINA
268,2015/08/22 16:27:00,NPP-375,Brasil,BAHIA,MUCUGE,Caatinga,3,0.0,1.0,-12.95242,-41.47862,,PARNA DA CHAPADA DA DIAMANTINA
269,2015/09/13 01:03:00,TERRA_M-M,Brasil,BAHIA,ANDARAI,Caatinga,19,0.0,1.0,-12.790999999999999,-41.405,,PARNA DA CHAPADA DA DIAMANTINA
270,2015/09/13 20:01:30,NOAA-18,Brasil,BAHIA,MUCUGE,Caatinga,19,0.0,1.0,-12.734000000000002,-41.5,,PARNA DA CHAPADA DA DIAMANTINA
271,2015/09/12 03:59:00,NPP-375,Brasil,BAHIA,ANDARAI,Caatinga,20,0.0,1.0,-12.78403,-41.37447,,PARNA DA CHAPADA DA DIAMANTINA
272,2015/09/15 17:17:00,NPP-375,Brasil,BAHIA,PALMEIRAS,Caatinga,23,0.0,1.0,-12.695319999999999,-41.50484,,PARNA DA CHAPADA DA DIAMANTINA
273,2015/09/15 20:00:00,GOES-13,Brasil,BAHIA,PALMEIRAS,Caatinga,23,0.0,1.0,-12.7,-41.46,,PARNA DA CHAPADA DA DIAMANTINA
274,2015/09/16 16:58:00,NPP-375,Brasil,BAHIA,ANDARAI,Caatinga,18,0.0,1.0,-12.66158,-41.212959999999995,,PARNA DA CHAPADA DA DIAMANTINA
275,2015/09/15 17:17:00,NPP-375,Brasil,BAHIA,PALMEIRAS,Caatinga,23,0.0,1.0,-12.70625,-41.495129999999996,,PARNA DA CHAPADA DA DIAMANTINA
276,2015/09/13 01:03:00,TERRA_M-M,Brasil,BAHIA,ANDARAI,Caatinga,20,0.0,1.0,-12.797,-41.38399999999999,,PARNA DA CHAPADA DA DIAMANTINA
277,2015/09/12 23:00:00,MSG-03,Brasil,BAHIA,MUCUGE,Caatinga,18,0.0,1.0,-12.78,-41.42,,PARNA DA CHAPADA DA DIAMANTINA
278,2015/09/13 03:40:00,NPP-375,Brasil,BAHIA,ANDARAI,Caatinga,21,0.0,1.0,-12.767710000000001,-41.383790000000005,,PARNA DA CHAPADA DA DIAMANTINA
279,2015/09/14 01:46:00,TERRA_M-M,Brasil,BAHIA,ANDARAI,Caatinga,22,0.0,1.0,-12.759,-41.388999999999996,,PARNA DA CHAPADA DA DIAMANTINA
280,2015/09/15 15:36:00,NPP-375,Brasil,BAHIA,PALMEIRAS,Caatinga,23,0.0,1.0,-12.69678,-41.50904,,PARNA DA CHAPADA DA DIAMANTINA
281,2015/08/27 16:33:00,NPP-375,Brasil,BAHIA,LENCOIS,Caatinga,0,0.0,1.0,-12.56573,-41.348890000000004,,PARNA DA CHAPADA DA DIAMANTINA
282,2015/09/12 16:33:00,NPP-375,Brasil,BAHIA,MUCUGE,Caatinga,20,0.0,1.0,-13.08418,-41.50374,,PARNA DA CHAPADA DA DIAMANTINA
283,2015/09/13 01:03:00,TERRA_M-M,Brasil,BAHIA,ANDARAI,Caatinga,20,0.0,1.0,-12.779000000000002,-41.405,,PARNA DA CHAPADA DA DIAMANTINA
284,2015/09/15 15:36:00,NPP-375,Brasil,BAHIA,MUCUGE,Caatinga,20,0.0,1.0,-12.76314,-41.440259999999995,,PARNA DA CHAPADA DA DIAMANTINA
285,2015/09/15 20:45:00,MSG-03,Brasil,BAHIA,PALMEIRAS,Caatinga,23,0.0,1.0,-12.69,-41.57,,PARNA DA CHAPADA DA DIAMANTINA
286,2015/09/12 20:13:02,NOAA-18,Brasil,BAHIA,ANDARAI,Caatinga,19,0.0,1.0,-12.782,-41.407,,PARNA DA CHAPADA DA DIAMANTINA
287,2015/09/12 03:59:00,NPP-375,Brasil,BAHIA,ANDARAI,Caatinga,20,0.0,1.0,-12.78683,-41.3787,,PARNA DA CHAPADA DA DIAMANTINA
288,2015/09/15 16:45:00,MSG-03,Brasil,BAHIA,PALMEIRAS,Caatinga,24,0.0,1.0,-12.69,-41.53,,PARNA DA CHAPADA DA DIAMANTINA
289,2015/09/12 16:33:00,NPP-375,Brasil,BAHIA,ANDARAI,Caatinga,19,0.0,1.0,-12.79442,-41.3822,,PARNA DA CHAPADA DA DIAMANTINA
290,2015/09/12 16:33:00,NPP-375,Brasil,BAHIA,MUCUGE,Caatinga,18,0.0,1.0,-13.00708,-41.4032,,PARNA DA CHAPADA DA DIAMANTINA
291,2015/09/12 16:00:00,MSG-03,Brasil,BAHIA,MUCUGE,Caatinga,19,0.0,1.0,-12.98,-41.43,,PARNA DA CHAPADA DA DIAMANTINA
292,2016/09/09 03:50:00,NPP-375,Brasil,BAHIA,MUCUGE,Caatinga,12,0.0,1.0,-13.02416,-41.482409999999994,,PARNA DA CHAPADA DA DIAMANTINA
293,2016/07/15 17:14:00,NPP-375,Brasil,BAHIA,ANDARAI,Caatinga,14,0.0,1.0,-12.7655,-41.24152,,PARNA DA CHAPADA DA DIAMANTINA
294,2016/09/14 16:30:00,NPP-375,Brasil,BAHIA,ITAETE,Caatinga,15,0.0,1.0,-13.131029999999999,-41.06984,,PARNA DA CHAPADA DA DIAMANTINA
295,2016/08/21 01:09:00,TERRA_M-M,Brasil,BAHIA,ANDARAI,Caatinga,12,0.0,1.0,-12.782,-41.257,,PARNA DA CHAPADA DA DIAMANTINA
296,2016/09/09 16:56:00,AQUA_M-T,Brasil,BAHIA,MUCUGE,Caatinga,12,0.0,1.0,-13.027999999999999,-41.479,,PARNA DA CHAPADA DA DIAMANTINA
297,2016/09/20 03:44:00,NPP-375,Brasil,BAHIA,ANDARAI,Caatinga,12,0.0,1.0,-12.776869999999999,-41.25573,,PARNA DA CHAPADA DA DIAMANTINA
298,2016/08/21 01:09:00,TERRA_M-M,Brasil,BAHIA,ANDARAI,Caatinga,9,0.0,1.0,-12.772,-41.258,,PARNA DA CHAPADA DA DIAMANTINA
299,2016/09/15 16:11:00,NPP-375,Brasil,BAHIA,MUCUGE,Caatinga,18,0.0,1.0,-13.243870000000001,-41.34474,,PARNA DA CHAPADA DA DIAMANTINA
300,2016/09/19 16:36:00,NPP-375,Brasil,BAHIA,ANDARAI,Caatinga,16,0.0,1.0,-12.885769999999999,-41.23462,,PARNA DA CHAPADA DA DIAMANTINA
301,2016/09/16 21:01:42,NOAA-18,Brasil,BAHIA,ANDARAI,Caatinga,19,0.4,1.0,-12.642999999999999,-41.29600000000001,,PARNA DA CHAPADA DA DIAMANTINA
302,2016/07/22 17:25:19,NOAA-19,Brasil,BAHIA,MUCUGE,Caatinga,20,0.0,1.0,-13.087,-41.47,,PARNA DA CHAPADA DA DIAMANTINA
303,2016/09/21 15:59:00,NPP-375,Brasil,BAHIA,ANDARAI,Caatinga,23,0.0,1.0,-12.84015,-41.3442,,PARNA DA CHAPADA DA DIAMANTINA
304,2016/09/20 03:44:00,NPP-375,Brasil,BAHIA,ANDARAI,Caatinga,12,0.0,1.0,-12.77294,-41.25497,,PARNA DA CHAPADA DA DIAMANTINA
305,2016/09/21 03:25:00,NPP-375,Brasil,BAHIA,ANDARAI,Caatinga,12,0.0,1.0,-12.77187,-41.24668,,PARNA DA CHAPADA DA DIAMANTINA
306,2016/09/16 21:01:40,NOAA-18,Brasil,BAHIA,NOVA REDENCAO,Caatinga,10,0.0,1.0,-12.808,-41.258,,PARNA DA CHAPADA DA DIAMANTINA
307,2016/07/15 17:14:00,NPP-375,Brasil,BAHIA,ANDARAI,Caatinga,13,0.0,1.0,-12.77057,-41.24446,,PARNA DA CHAPADA DA DIAMANTINA
308,2016/08/16 15:33:00,NPP-375,Brasil,BAHIA,IBICOARA,Caatinga,19,0.0,1.0,-13.331489999999999,-41.22424,,PARNA DA CHAPADA DA DIAMANTINA
309,2016/09/19 16:36:00,NPP-375,Brasil,BAHIA,ANDARAI,Caatinga,15,0.0,1.0,-12.88187,-41.235240000000005,,PARNA DA CHAPADA DA DIAMANTINA
310,2016/08/11 15:27:00,NPP-375,Brasil,BAHIA,PALMEIRAS,Caatinga,50,0.0,1.0,-12.656460000000001,-41.6292,,PARNA DA CHAPADA DA DIAMANTINA
311,2016/09/08 20:53:48,NOAA-18,Brasil,BAHIA,ANDARAI,Caatinga,10,0.0,1.0,-12.769,-41.284,,PARNA DA CHAPADA DA DIAMANTINA
312,2016/09/09 03:50:00,NPP-375,Brasil,BAHIA,MUCUGE,Caatinga,12,0.0,1.0,-13.02052,-41.481770000000004,,PARNA DA CHAPADA DA DIAMANTINA
313,2016/08/21 01:09:00,TERRA_M-M,Brasil,BAHIA,ANDARAI,Caatinga,11,0.0,1.0,-12.78,-41.245,,PARNA DA CHAPADA DA DIAMANTINA
314,2016/08/16 17:14:00,NPP-375,Brasil,BAHIA,ITAETE,Caatinga,23,0.2,1.0,-12.91661,-41.221309999999995,,PARNA DA CHAPADA DA DIAMANTINA
315,2016/08/12 16:49:00,NPP-375,Brasil,BAHIA,MUCUGE,Caatinga,20,0.0,1.0,-13.02051,-41.501940000000005,,PARNA DA CHAPADA DA DIAMANTINA
316,2016/09/13 21:36:31,NOAA-18,Brasil,BAHIA,ANDARAI,Caatinga,9,0.0,1.0,-12.822000000000001,-41.269,,PARNA DA CHAPADA DA DIAMANTINA
317,2016/09/19 16:36:00,NPP-375,Brasil,BAHIA,PALMEIRAS,Caatinga,22,0.0,1.0,-12.68165,-41.63554,,PARNA DA CHAPADA DA DIAMANTINA
318,2016/08/11 17:08:00,NPP-375,Brasil,BAHIA,ITAETE,Caatinga,17,0.0,1.0,-13.16174,-41.05892,,PARNA DA CHAPADA DA DIAMANTINA
319,2016/08/11 15:27:00,NPP-375,Brasil,BAHIA,PALMEIRAS,Caatinga,49,0.0,1.0,-12.65709,-41.62733,,PARNA DA CHAPADA DA DIAMANTINA
320,2016/09/12 17:07:00,NPP-375,Brasil,BAHIA,ITAETE,Caatinga,13,0.0,1.0,-13.125779999999999,-41.07312,,PARNA DA CHAPADA DA DIAMANTINA
321,2016/09/17 20:50:09,NOAA-18,Brasil,BAHIA,PALMEIRAS,Caatinga,0,0.0,1.0,-12.444,-41.592,,PARNA DA CHAPADA DA DIAMANTINA
322,2016/09/20 04:23:00,AQUA_M-M,Brasil,BAHIA,ANDARAI,Caatinga,12,0.0,1.0,-12.775,-41.248000000000005,,PARNA DA CHAPADA DA DIAMANTINA
323,2016/09/17 20:50:06,NOAA-18,Brasil,BAHIA,ANDARAI,Caatinga,20,0.0,1.0,-12.634,-41.313,,PARNA DA CHAPADA DA DIAMANTINA
324,2016/09/08 20:53:44,NOAA-18,Brasil,BAHIA,MUCUGE,Caatinga,11,0.0,1.0,-13.045,-41.522,,PARNA DA CHAPADA DA DIAMANTINA
325,2016/07/22 16:43:00,NPP-375,Brasil,BAHIA,MUCUGE,Caatinga,12,0.0,1.0,-13.073310000000001,-41.4561,,PARNA DA CHAPADA DA DIAMANTINA
326,2016/09/21 03:25:00,NPP-375,Brasil,BAHIA,ANDARAI,Caatinga,12,0.0,1.0,-12.7665,-41.24566,,PARNA DA CHAPADA DA DIAMANTINA
327,2016/09/08 20:53:48,NOAA-18,Brasil,BAHIA,ANDARAI,Caatinga,9,0.0,1.0,-12.779000000000002,-41.282,,PARNA DA CHAPADA DA DIAMANTINA
328,2016/09/16 21:01:40,NOAA-18,Brasil,BAHIA,ANDARAI,Caatinga,11,0.0,1.0,-12.809000000000001,-41.266000000000005,,PARNA DA CHAPADA DA DIAMANTINA
329,2016/09/13 21:36:31,NOAA-18,Brasil,BAHIA,ANDARAI,Caatinga,10,0.0,1.0,-12.815,-41.286,,PARNA DA CHAPADA DA DIAMANTINA
330,2016/07/22 17:25:19,NOAA-19,Brasil,BAHIA,MUCUGE,Caatinga,22,0.0,1.0,-13.088,-41.479,,PARNA DA CHAPADA DA DIAMANTINA
331,2016/09/20 03:44:00,NPP-375,Brasil,BAHIA,ANDARAI,Caatinga,12,0.0,1.0,-12.77161,-41.25666,,PARNA DA CHAPADA DA DIAMANTINA
332,2016/09/20 21:55:59,NOAA-18,Brasil,BAHIA,ANDARAI,Caatinga,19,0.0,1.0,-12.859000000000002,-41.302,,PARNA DA CHAPADA DA DIAMANTINA
333,2016/09/14 16:30:00,NPP-375,Brasil,BAHIA,ITAETE,Caatinga,16,0.0,1.0,-13.147789999999999,-41.037259999999996,,PARNA DA CHAPADA DA DIAMANTINA
334,2016/09/14 16:30:00,NPP-375,Brasil,BAHIA,ANDARAI,Caatinga,17,0.0,1.0,-12.64227,-41.30311,,PARNA DA CHAPADA DA DIAMANTINA
335,2016/08/11 17:08:00,NPP-375,Brasil,BAHIA,ITAETE,Caatinga,17,0.0,1.0,-13.16712,-41.05875,,PARNA DA CHAPADA DA DIAMANTINA
336,2016/08/18 21:20:48,NOAA-15,Brasil,BAHIA,ANDARAI,Caatinga,11,0.0,1.0,-12.800999999999998,-41.27,,PARNA DA CHAPADA DA DIAMANTINA
337,2016/09/21 17:35:02,NOAA-19,Brasil,BAHIA,ITAETE,Caatinga,12,0.0,1.0,-13.164000000000001,-41.077,,PARNA DA CHAPADA DA DIAMANTINA
338,2016/09/09 03:50:00,NPP-375,Brasil,BAHIA,MUCUGE,Caatinga,12,0.0,1.0,-13.02489,-41.47814,,PARNA DA CHAPADA DA DIAMANTINA
339,2016/09/20 05:08:50,NOAA-19D,Brasil,BAHIA,ANDARAI,Caatinga,12,0.0,1.0,-12.796,-41.247,,PARNA DA CHAPADA DA DIAMANTINA
340,2016/09/08 20:53:48,NOAA-18,Brasil,BAHIA,ANDARAI,Caatinga,10,0.0,1.0,-12.77,-41.293,,PARNA DA CHAPADA DA DIAMANTINA
341,2016/09/08 20:53:44,NOAA-18,Brasil,BAHIA,MUCUGE,Caatinga,11,0.0,1.0,-13.044,-41.513000000000005,,PARNA DA CHAPADA DA DIAMANTINA
342,2016/07/16 04:22:00,NPP-375,Brasil,BAHIA,ANDARAI,Caatinga,33,0.0,1.0,-12.64462,-41.30106,,PARNA DA CHAPADA DA DIAMANTINA
343,2016/08/18 16:36:00,NPP-375,Brasil,BAHIA,LENCOIS,Caatinga,17,0.0,1.0,-12.55631,-41.39241,,PARNA DA CHAPADA DA DIAMANTINA
344,2016/08/18 16:36:00,NPP-375,Brasil,BAHIA,LENCOIS,Caatinga,17,0.0,1.0,-12.55645,-41.389959999999995,,PARNA DA CHAPADA DA DIAMANTINA
345,2016/09/17 20:50:06,NOAA-18,Brasil,BAHIA,ANDARAI,Caatinga,20,0.0,1.0,-12.644,-41.31100000000001,,PARNA DA CHAPADA DA DIAMANTINA
346,2016/09/21 15:59:00,NPP-375,Brasil,BAHIA,ANDARAI,Caatinga,23,0.0,1.0,-12.83563,-41.34126,,PARNA DA CHAPADA DA DIAMANTINA
347,2016/08/18 16:36:00,NPP-375,Brasil,BAHIA,ANDARAI,Caatinga,16,0.0,1.0,-12.888060000000001,-41.313759999999995,,PARNA DA CHAPADA DA DIAMANTINA
348,2016/09/14 16:30:00,NPP-375,Brasil,BAHIA,ITAETE,Caatinga,15,0.0,1.0,-13.12745,-41.07045,,PARNA DA CHAPADA DA DIAMANTINA
349,2016/09/13 21:36:31,NOAA-18,Brasil,BAHIA,ANDARAI,Caatinga,9,0.0,1.0,-12.812000000000001,-41.272,,PARNA DA CHAPADA DA DIAMANTINA
350,2016/07/22 16:14:00,AQUA_M-T,Brasil,BAHIA,MUCUGE,Caatinga,15,0.0,1.0,-13.075999999999999,-41.464,,PARNA DA CHAPADA DA DIAMANTINA
351,2016/08/11 04:34:00,NPP-375,Brasil,BAHIA,ANDARAI,Caatinga,17,0.0,1.0,-12.79991,-41.36546,,PARNA DA CHAPADA DA DIAMANTINA
352,2016/09/21 15:59:00,NPP-375,Brasil,BAHIA,ANDARAI,Caatinga,23,0.0,1.0,-12.8397,-41.34091,,PARNA DA CHAPADA DA DIAMANTINA
353,2016/07/08 16:05:00,NPP-375,Brasil,BAHIA,ANDARAI,Caatinga,6,0.0,1.0,-12.76648,-41.24303,,PARNA DA CHAPADA DA DIAMANTINA
354,2016/09/20 03:44:00,NPP-375,Brasil,BAHIA,ANDARAI,Caatinga,13,0.0,1.0,-12.77554,-41.25742,,PARNA DA CHAPADA DA DIAMANTINA
355,2016/09/21 15:59:00,NPP-375,Brasil,BAHIA,ANDARAI,Caatinga,23,0.1,1.0,-12.63846,-41.2891,,PARNA DA CHAPADA DA DIAMANTINA
356,2016/09/19 16:36:00,NPP-375,Brasil,BAHIA,MUCUGE,Caatinga,21,0.0,1.0,-12.77368,-41.51867,,PARNA DA CHAPADA DA DIAMANTINA
357,2016/09/15 21:13:16,NOAA-18,Brasil,BAHIA,MUCUGE,Caatinga,18,0.0,1.0,-13.04,-41.504,,PARNA DA CHAPADA DA DIAMANTINA
358,2016/09/08 20:53:44,NOAA-18,Brasil,BAHIA,MUCUGE,Caatinga,11,0.0,1.0,-13.034,-41.515,,PARNA DA CHAPADA DA DIAMANTINA
359,2016/09/20 01:21:00,TERRA_M-M,Brasil,BAHIA,ANDARAI,Caatinga,12,0.0,1.0,-12.77,-41.257,,PARNA DA CHAPADA DA DIAMANTINA
360,2016/07/22 16:43:00,NPP-375,Brasil,BAHIA,MUCUGE,Caatinga,10,0.0,1.0,-13.06834,-41.452740000000006,,PARNA DA CHAPADA DA DIAMANTINA
361,2016/09/08 20:53:44,NOAA-18,Brasil,BAHIA,MUCUGE,Caatinga,11,0.0,1.0,-13.035,-41.525,,PARNA DA CHAPADA DA DIAMANTINA
362,2016/09/09 03:50:00,NPP-375,Brasil,BAHIA,ANDARAI,Caatinga,9,1.0,1.0,-12.76858,-41.25163,,PARNA DA CHAPADA DA DIAMANTINA
363,2016/08/21 16:26:00,AQUA_M-T,Brasil,BAHIA,MUCUGE,Caatinga,27,0.0,1.0,-13.255,-41.348,,PARNA DA CHAPADA DA DIAMANTINA
364,2016/09/21 17:35:02,NOAA-19,Brasil,BAHIA,ITAETE,Caatinga,12,0.0,1.0,-13.136,-41.092,,PARNA DA CHAPADA DA DIAMANTINA
365,2016/09/20 01:21:00,TERRA_M-M,Brasil,BAHIA,ANDARAI,Caatinga,12,0.0,1.0,-12.777999999999999,-41.246,,PARNA DA CHAPADA DA DIAMANTINA
366,2016/09/20 03:44:00,NPP-375,Brasil,BAHIA,ANDARAI,Caatinga,12,0.0,1.0,-12.773810000000001,-41.24989,,PARNA DA CHAPADA DA DIAMANTINA
367,2016/08/22 05:37:26,NOAA-19D,Brasil,BAHIA,MUCUGE,Caatinga,17,0.0,1.0,-13.138,-41.49,,PARNA DA CHAPADA DA DIAMANTINA
368,2016/09/09 03:50:00,NPP-375,Brasil,BAHIA,MUCUGE,Caatinga,12,0.0,1.0,-13.02126,-41.47749,,PARNA DA CHAPADA DA DIAMANTINA
369,2016/09/07 17:01:00,NPP-375,Brasil,BAHIA,IRAMAIA,Caatinga,8,0.0,1.0,-13.313239999999999,-41.09987,,PARNA DA CHAPADA DA DIAMANTINA
370,2016/07/15 15:34:00,NPP-375,Brasil,BAHIA,ANDARAI,Caatinga,12,0.0,1.0,-12.7691,-41.245490000000004,,PARNA DA CHAPADA DA DIAMANTINA
371,2016/09/20 01:21:00,TERRA_M-M,Brasil,BAHIA,ANDARAI,Caatinga,12,0.0,1.0,-12.779000000000002,-41.255,,PARNA DA CHAPADA DA DIAMANTINA
372,2016/09/16 21:01:42,NOAA-18,Brasil,BAHIA,ANDARAI,Caatinga,19,0.4,1.0,-12.644,-41.303999999999995,,PARNA DA CHAPADA DA DIAMANTINA
373,2016/09/17 20:50:06,NOAA-18,Brasil,BAHIA,ANDARAI,Caatinga,20,0.0,1.0,-12.636,-41.324,,PARNA DA CHAPADA DA DIAMANTINA
374,2016/08/11 04:34:00,NPP-375,Brasil,BAHIA,ANDARAI,Caatinga,17,0.0,1.0,-12.7951,-41.36424,,PARNA DA CHAPADA DA DIAMANTINA
375,2016/09/20 03:44:00,NPP-375,Brasil,BAHIA,ANDARAI,Caatinga,12,0.0,1.0,-12.77252,-41.25159,,PARNA DA CHAPADA DA DIAMANTINA
376,2016/09/21 15:58:00,NPP-375,Brasil,BAHIA,ITAETE,Caatinga,7,0.0,1.0,-13.14802,-41.06173,,PARNA DA CHAPADA DA DIAMANTINA
377,2016/09/07 21:05:25,NOAA-18,Brasil,BAHIA,ANDARAI,Caatinga,7,0.0,1.0,-12.786,-41.265,,PARNA DA CHAPADA DA DIAMANTINA
378,2016/08/18 21:36:00,NOAA-18,Brasil,BAHIA,ANDARAI,Caatinga,15,0.0,1.0,-12.831,-41.278,,PARNA DA CHAPADA DA DIAMANTINA
379,2016/08/11 17:08:00,NPP-375,Brasil,BAHIA,ITAETE,Caatinga,17,0.0,1.0,-13.16063,-41.0601,,PARNA DA CHAPADA DA DIAMANTINA
380,2016/07/15 21:27:33,NOAA-18,Brasil,BAHIA,ANDARAI,Caatinga,28,0.0,1.0,-12.68,-41.335,,PARNA DA CHAPADA DA DIAMANTINA
381,2016/08/19 01:21:00,TERRA_M-M,Brasil,BAHIA,ANDARAI,Caatinga,8,0.0,1.0,-12.772,-41.248000000000005,,PARNA DA CHAPADA DA DIAMANTINA
382,2016/09/21 17:35:07,NOAA-19,Brasil,BAHIA,ANDARAI,Caatinga,23,0.0,1.0,-12.853,-41.358000000000004,,PARNA DA CHAPADA DA DIAMANTINA
383,2016/08/09 16:05:00,NPP-375,Brasil,BAHIA,MUCUGE,Caatinga,15,0.0,1.0,-13.17467,-41.35159,,PARNA DA CHAPADA DA DIAMANTINA
384,2016/08/19 00:00:00,GOES-13,Brasil,BAHIA,LENCOIS,Caatinga,7,0.0,1.0,-12.62,-41.34,,PARNA DA CHAPADA DA DIAMANTINA
385,2016/07/22 16:43:00,NPP-375,Brasil,BAHIA,MUCUGE,Caatinga,11,0.0,1.0,-13.07259,-41.45197,,PARNA DA CHAPADA DA DIAMANTINA
386,2016/09/20 04:23:00,AQUA_M-M,Brasil,BAHIA,ANDARAI,Caatinga,13,0.0,1.0,-12.773,-41.25899999999999,,PARNA DA CHAPADA DA DIAMANTINA
387,2016/07/22 16:43:00,NPP-375,Brasil,BAHIA,MUCUGE,Caatinga,9,0.0,1.0,-13.06761,-41.44862,,PARNA DA CHAPADA DA DIAMANTINA
388,2016/09/20 01:21:00,TERRA_M-M,Brasil,BAHIA,ANDARAI,Caatinga,14,0.0,1.0,-12.780999999999999,-41.265,,PARNA DA CHAPADA DA DIAMANTINA
389,2016/09/20 21:55:59,NOAA-18,Brasil,BAHIA,ANDARAI,Caatinga,19,0.0,1.0,-12.85,-41.305,,PARNA DA CHAPADA DA DIAMANTINA
390,2016/09/20 03:44:00,NPP-375,Brasil,BAHIA,ANDARAI,Caatinga,11,0.0,1.0,-12.773430000000001,-41.24653,,PARNA DA CHAPADA DA DIAMANTINA
391,2016/09/15 21:13:16,NOAA-18,Brasil,BAHIA,MUCUGE,Caatinga,18,0.0,1.0,-13.038,-41.489,,PARNA DA CHAPADA DA DIAMANTINA
392,2016/08/20 03:25:00,NPP-375,Brasil,BAHIA,ANDARAI,Caatinga,9,0.0,1.0,-12.77421,-41.24734,,PARNA DA CHAPADA DA DIAMANTINA
393,2016/09/21 15:58:00,NPP-375,Brasil,BAHIA,ITAETE,Caatinga,7,0.0,1.0,-13.152000000000001,-41.06116,,PARNA DA CHAPADA DA DIAMANTINA
394,2016/09/08 20:53:48,NOAA-18,Brasil,BAHIA,ANDARAI,Caatinga,10,0.0,1.0,-12.767999999999999,-41.275,,PARNA DA CHAPADA DA DIAMANTINA
395,2016/09/14 03:56:00,NPP-375,Brasil,BAHIA,ANDARAI,Caatinga,6,0.0,1.0,-12.77396,-41.25217,,PARNA DA CHAPADA DA DIAMANTINA
396,2016/08/18 21:36:02,NOAA-18,Brasil,BAHIA,ANDARAI,Caatinga,13,0.0,1.0,-12.822000000000001,-41.281000000000006,,PARNA DA CHAPADA DA DIAMANTINA
397,2016/08/21 01:09:00,TERRA_M-M,Brasil,BAHIA,ANDARAI,Caatinga,9,0.0,1.0,-12.77,-41.246,,PARNA DA CHAPADA DA DIAMANTINA
398,2016/09/14 21:24:49,NOAA-18,Brasil,BAHIA,MUCUGE,Caatinga,17,0.0,-999.0,-13.165999999999999,-41.427,,PARNA DA CHAPADA DA DIAMANTINA
399,2016/08/22 17:01:00,NPP-375,Brasil,BAHIA,ANDARAI,Caatinga,14,0.0,1.0,-12.63937,-41.28047,,PARNA DA CHAPADA DA DIAMANTINA
400,2016/09/21 15:58:00,NPP-375,Brasil,BAHIA,ITAETE,Caatinga,6,0.0,1.0,-13.149629999999998,-41.059090000000005,,PARNA DA CHAPADA DA DIAMANTINA
401,2016/09/14 03:56:00,NPP-375,Brasil,BAHIA,ANDARAI,Caatinga,6,0.0,1.0,-12.77336,-41.25588,,PARNA DA CHAPADA DA DIAMANTINA
402,2016/09/21 17:35:07,NOAA-19,Brasil,BAHIA,ANDARAI,Caatinga,23,0.0,1.0,-12.844000000000001,-41.361000000000004,,PARNA DA CHAPADA DA DIAMANTINA
403,2016/09/15 21:13:16,NOAA-18,Brasil,BAHIA,MUCUGE,Caatinga,18,0.0,1.0,-13.039000000000001,-41.496,,PARNA DA CHAPADA DA DIAMANTINA
404,2016/07/18 16:38:00,AQUA_M-T,Brasil,BAHIA,LENCOIS,Caatinga,32,0.0,1.0,-12.41,-41.288000000000004,,PARNA DA CHAPADA DA DIAMANTINA
405,2016/07/07 16:24:00,NPP-375,Brasil,BAHIA,ANDARAI,Caatinga,26,0.0,1.0,-12.642719999999999,-41.294909999999994,,PARNA DA CHAPADA DA DIAMANTINA
406,2016/09/09 16:24:00,NPP-375,Brasil,BAHIA,MUCUGE,Caatinga,12,0.0,1.0,-13.02352,-41.47809,,PARNA DA CHAPADA DA DIAMANTINA
407,2016/09/20 04:23:00,AQUA_M-M,Brasil,BAHIA,ANDARAI,Caatinga,12,0.0,1.0,-12.773,-41.251999999999995,,PARNA DA CHAPADA DA DIAMANTINA
408,2016/09/08 00:57:00,TERRA_M-M,Brasil,BAHIA,ANDARAI,Caatinga,9,0.0,1.0,-12.777999999999999,-41.245,,PARNA DA CHAPADA DA DIAMANTINA
409,2017/07/21 16:17:00,NPP-375,Brasil,BAHIA,MUCUGE,Caatinga,0,0.0,1.0,-13.0634,-41.3673,,PARNA DA CHAPADA DA DIAMANTINA
410,2017/07/21 16:17:00,NPP-375,Brasil,BAHIA,MUCUGE,Caatinga,0,0.0,1.0,-13.0629,-41.3637,,PARNA DA CHAPADA DA DIAMANTINA
411,2017/08/09 17:01:00,NPP-375,Brasil,BAHIA,IBICOARA,Caatinga,0,0.0,1.0,-13.358,-41.3514,,PARNA DA CHAPADA DA DIAMANTINA
412,2017/07/09 04:08:00,NPP-375,Brasil,BAHIA,ANDARAI,Caatinga,0,0.0,1.0,-12.6045,-41.3041,,PARNA DA CHAPADA DA DIAMANTINA
413,2017/07/21 18:29:50,NOAA-19,Brasil,BAHIA,MUCUGE,Caatinga,0,0.0,1.0,-13.0766,-41.3685,,PARNA DA CHAPADA DA DIAMANTINA
414,2017/08/20 16:55:00,NPP-375,Brasil,BAHIA,ANDARAI,Caatinga,0,0.0,1.0,-13.0374,-41.2735,,PARNA DA CHAPADA DA DIAMANTINA
415,2017/09/20 22:01:36,GOES-13,Brasil,BAHIA,MUCUGE,Caatinga,0,0.0,1.0,-13.05,-41.43,,PARNA DA CHAPADA DA DIAMANTINA
416,2017/08/08 15:39:00,NPP-375,Brasil,BAHIA,ITAETE,Caatinga,0,0.0,1.0,-13.1915,-41.1855,,PARNA DA CHAPADA DA DIAMANTINA
417,2017/08/19 17:13:00,NPP-375,Brasil,BAHIA,MUCUGE,Caatinga,0,0.0,1.0,-13.2365,-41.3641,,PARNA DA CHAPADA DA DIAMANTINA
418,2017/08/22 01:21:00,TERRA_M-M,Brasil,BAHIA,ANDARAI,Caatinga,0,0.0,1.0,-13.025,-41.27,,PARNA DA CHAPADA DA DIAMANTINA
419,2017/09/21 01:33:00,TERRA_M-M,Brasil,BAHIA,MUCUGE,Caatinga,0,0.0,1.0,-13.057,-41.453,,PARNA DA CHAPADA DA DIAMANTINA
420,2017/07/23 13:37:00,TERRA_M-T,Brasil,BAHIA,ANDARAI,Caatinga,0,0.0,1.0,-12.565,-41.29,,PARNA DA CHAPADA DA DIAMANTINA
421,2017/07/23 13:37:00,TERRA_M-T,Brasil,BAHIA,ANDARAI,Caatinga,0,0.0,1.0,-12.57,-41.298,,PARNA DA CHAPADA DA DIAMANTINA
422,2017/08/20 16:55:00,NPP-375,Brasil,BAHIA,ANDARAI,Caatinga,0,0.0,1.0,-13.0381,-41.277,,PARNA DA CHAPADA DA DIAMANTINA
423,2017/07/21 16:17:00,NPP-375,Brasil,BAHIA,MUCUGE,Caatinga,0,0.0,1.0,-13.0562,-41.3648,,PARNA DA CHAPADA DA DIAMANTINA
424,2017/08/22 01:21:00,TERRA_M-M,Brasil,BAHIA,ANDARAI,Caatinga,0,0.0,1.0,-13.026,-41.279,,PARNA DA CHAPADA DA DIAMANTINA
425,2017/07/21 18:29:50,NOAA-19,Brasil,BAHIA,MUCUGE,Caatinga,0,0.0,1.0,-13.0783,-41.3778,,PARNA DA CHAPADA DA DIAMANTINA
426,2017/07/21 18:29:50,NOAA-19,Brasil,BAHIA,MUCUGE,Caatinga,0,0.0,1.0,-13.0863,-41.3661,,PARNA DA CHAPADA DA DIAMANTINA
427,2017/09/05 04:21:00,NPP-375,Brasil,BAHIA,MUCUGE,Caatinga,0,0.0,0.9,-13.2295,-41.3609,,PARNA DA CHAPADA DA DIAMANTINA
428,2017/09/21 04:21:00,NPP-375,Brasil,BAHIA,MUCUGE,Caatinga,0,0.0,1.0,-13.0551,-41.4472,,PARNA DA CHAPADA DA DIAMANTINA
429,2017/08/19 17:13:00,NPP-375,Brasil,BAHIA,MUCUGE,Caatinga,0,0.0,1.0,-13.2351,-41.3662,,PARNA DA CHAPADA DA DIAMANTINA
430,2017/08/21 16:36:00,NPP-375,Brasil,BAHIA,IBICOARA,Caatinga,0,0.0,1.0,-13.3591,-41.3046,,PARNA DA CHAPADA DA DIAMANTINA
431,2017/08/02 15:52:00,NPP-375,Brasil,BAHIA,ITAETE,Caatinga,0,0.0,1.0,-13.1521,-41.0829,,PARNA DA CHAPADA DA DIAMANTINA
432,2017/08/07 21:49:36,NOAA-18,Brasil,BAHIA,LENCOIS,Caatinga,0,0.0,1.0,-12.5536,-41.2812,,PARNA DA CHAPADA DA DIAMANTINA
433,2017/07/21 16:17:00,NPP-375,Brasil,BAHIA,MUCUGE,Caatinga,0,0.0,1.0,-13.0596,-41.3643,,PARNA DA CHAPADA DA DIAMANTINA
434,2018/08/15 23:09:19,NOAA-18,Brasil,BAHIA,PALMEIRAS,Caatinga,2,0.0,0.9,-12.644944,-41.561465999999996,,PARNA DA CHAPADA DA DIAMANTINA
435,2018/09/18 17:06:00,NPP-375,Brasil,BAHIA,ITAETE,Caatinga,14,0.0,1.0,-12.99259,-41.16305,8.6,PARNA DA CHAPADA DA DIAMANTINA
436,2018/08/15 18:57:40,NOAA-19,Brasil,BAHIA,PALMEIRAS,Caatinga,2,0.0,1.0,-12.598409,-41.553162,,PARNA DA CHAPADA DA DIAMANTINA
437,2018/08/09 16:12:00,NPP-375,Brasil,BAHIA,ITAETE,Caatinga,81,0.0,1.0,-13.124460000000001,-41.04757,3.6,PARNA DA CHAPADA DA DIAMANTINA
438,2018/08/15 16:00:00,AQUA_M-T,Brasil,BAHIA,PALMEIRAS,Caatinga,2,0.0,1.0,-12.616,-41.553000000000004,23.1,PARNA DA CHAPADA DA DIAMANTINA
439,2018/09/18 17:06:00,NPP-375,Brasil,BAHIA,ITAETE,Caatinga,14,0.0,1.0,-12.991760000000001,-41.1641,8.4,PARNA DA CHAPADA DA DIAMANTINA
440,2018/08/25 16:12:00,NPP-375,Brasil,BAHIA,MUCUGE,Caatinga,23,0.0,1.0,-13.230789999999999,-41.36796,4.1,PARNA DA CHAPADA DA DIAMANTINA
441,2018/07/19 19:08:38,NOAA-19,Brasil,BAHIA,ANDARAI,Caatinga,83,0.0,1.0,-12.560853999999999,-41.305805,,PARNA DA CHAPADA DA DIAMANTINA
442,2018/09/18 21:49:05,GOES-16,Brasil,BAHIA,MUCUGE,Caatinga,12,0.0,1.0,-13.03,-41.42,,PARNA DA CHAPADA DA DIAMANTINA
443,2018/09/17 15:42:00,NPP-375,Brasil,BAHIA,BONINAL,Caatinga,32,0.0,1.0,-12.731060000000001,-41.612829999999995,3.4,PARNA DA CHAPADA DA DIAMANTINA
444,2018/09/21 16:06:00,NPP-375,Brasil,BAHIA,PALMEIRAS,Caatinga,39,0.0,1.0,-12.374080000000001,-41.477959999999996,9.8,PARNA DA CHAPADA DA DIAMANTINA
445,2018/08/03 12:45:00,TERRA_M-T,Brasil,BAHIA,ITAETE,Caatinga,89,0.0,1.0,-13.069,-41.144,17.7,PARNA DA CHAPADA DA DIAMANTINA
446,2018/08/15 16:00:00,NPP-375,Brasil,BAHIA,PALMEIRAS,Caatinga,2,0.0,1.0,-12.61145,-41.53632,18.9,PARNA DA CHAPADA DA DIAMANTINA
447,2018/08/25 16:12:00,NPP-375,Brasil,BAHIA,PALMEIRAS,Caatinga,12,0.0,1.0,-12.50844,-41.59361,5.6,PARNA DA CHAPADA DA DIAMANTINA
448,2018/09/10 16:12:00,NPP-375,Brasil,BAHIA,ITAETE,Caatinga,5,0.0,1.0,-13.192,-41.09795,1.3,PARNA DA CHAPADA DA DIAMANTINA
449,2018/07/12 16:42:00,NPP-375,Brasil,BAHIA,MUCUGE,Caatinga,73,0.0,1.0,-12.841439999999999,-41.52308,3.7,PARNA DA CHAPADA DA DIAMANTINA
450,2018/07/12 04:06:00,NPP-375,Brasil,BAHIA,IBICOARA,Caatinga,81,0.0,1.0,-13.3595,-41.339079999999996,0.5,PARNA DA CHAPADA DA DIAMANTINA
451,2018/08/15 18:57:40,NOAA-19,Brasil,BAHIA,PALMEIRAS,Caatinga,2,0.0,1.0,-12.600886000000001,-41.569247999999995,,PARNA DA CHAPADA DA DIAMANTINA
452,2018/09/21 16:06:00,NPP-375,Brasil,BAHIA,ITAETE,Caatinga,15,0.0,1.0,-13.117679999999998,-41.06317,6.6,PARNA DA CHAPADA DA DIAMANTINA
453,2018/08/14 16:18:00,NPP-375,Brasil,BAHIA,ITAETE,Caatinga,75,0.0,1.0,-13.1241,-41.047709999999995,5.7,PARNA DA CHAPADA DA DIAMANTINA
454,2018/07/08 03:42:00,NPP-375,Brasil,BAHIA,ANDARAI,Caatinga,48,0.0,1.0,-12.78204,-41.29022,0.9,PARNA DA CHAPADA DA DIAMANTINA
455,2018/08/16 01:25:00,TERRA_M-M,Brasil,BAHIA,PALMEIRAS,Caatinga,3,0.0,1.0,-12.616,-41.545,10.1,PARNA DA CHAPADA DA DIAMANTINA
456,2018/09/19 12:49:05,GOES-16,Brasil,BAHIA,MUCUGE,Caatinga,14,0.0,1.0,-13.02,-41.52,,PARNA DA CHAPADA DA DIAMANTINA
457,2018/08/15 16:00:00,NPP-375,Brasil,BAHIA,PALMEIRAS,Caatinga,2,0.0,1.0,-12.60717,-41.53266,18.9,PARNA DA CHAPADA DA DIAMANTINA
458,2018/08/16 01:25:00,TERRA_M-M,Brasil,BAHIA,PALMEIRAS,Caatinga,3,0.0,1.0,-12.609000000000002,-41.553000000000004,7.1,PARNA DA CHAPADA DA DIAMANTINA
459,2018/07/19 16:20:00,AQUA_M-T,Brasil,BAHIA,ANDARAI,Caatinga,83,0.0,1.0,-12.571,-41.303000000000004,13.7,PARNA DA CHAPADA DA DIAMANTINA
460,2018/08/09 16:35:00,AQUA_M-T,Brasil,BAHIA,NOVA REDENCAO,Caatinga,36,0.0,1.0,-12.812999999999999,-41.254,17.4,PARNA DA CHAPADA DA DIAMANTINA
461,2018/07/30 03:30:00,NPP-375,Brasil,BAHIA,MUCUGE,Caatinga,89,0.0,1.0,-12.99334,-41.54572,6.9,PARNA DA CHAPADA DA DIAMANTINA
462,2018/08/15 18:57:40,NOAA-19,Brasil,BAHIA,PALMEIRAS,Caatinga,2,0.0,1.0,-12.599648,-41.561203000000006,,PARNA DA CHAPADA DA DIAMANTINA
463,2018/08/09 16:12:00,NPP-375,Brasil,BAHIA,ITAETE,Caatinga,83,0.0,1.0,-13.12778,-41.04704,3.6,PARNA DA CHAPADA DA DIAMANTINA
464,2018/08/15 16:00:00,AQUA_M-T,Brasil,BAHIA,PALMEIRAS,Caatinga,2,0.0,1.0,-12.615,-41.541000000000004,96.0,PARNA DA CHAPADA DA DIAMANTINA
465,2018/09/11 22:34:05,GOES-16,Brasil,BAHIA,MUCUGE,Caatinga,7,0.0,1.0,-13.03,-41.42,,PARNA DA CHAPADA DA DIAMANTINA
466,2018/08/15 23:09:19,NOAA-18,Brasil,BAHIA,PALMEIRAS,Caatinga,2,0.0,0.8,-12.643386999999999,-41.552566999999996,,PARNA DA CHAPADA DA DIAMANTINA
467,2018/08/08 16:36:00,NPP-375,Brasil,BAHIA,MUCUGE,Caatinga,98,0.0,1.0,-13.043239999999999,-41.52988,11.2,PARNA DA CHAPADA DA DIAMANTINA
468,2018/07/19 19:08:38,NOAA-19,Brasil,BAHIA,ANDARAI,Caatinga,82,0.0,1.0,-12.562180999999999,-41.31366,,PARNA DA CHAPADA DA DIAMANTINA
469,2018/09/17 15:42:00,NPP-375,Brasil,BAHIA,PALMEIRAS,Caatinga,23,0.0,1.0,-12.69233,-41.633590000000005,1.4,PARNA DA CHAPADA DA DIAMANTINA
470,2018/07/28 16:42:00,NPP-375,Brasil,BAHIA,ANDARAI,Caatinga,78,0.0,1.0,-12.71481,-41.32451,2.4,PARNA DA CHAPADA DA DIAMANTINA
471,2018/09/11 22:55:50,NOAA-18,Brasil,BAHIA,MUCUGE,Caatinga,6,0.0,1.0,-13.041561,-41.439423,,PARNA DA CHAPADA DA DIAMANTINA
472,2018/08/15 16:00:00,NPP-375,Brasil,BAHIA,PALMEIRAS,Caatinga,2,0.0,0.9,-12.61087,-41.53217,18.9,PARNA DA CHAPADA DA DIAMANTINA
473,2018/08/15 16:00:00,AQUA_M-T,Brasil,BAHIA,PALMEIRAS,Caatinga,2,0.0,1.0,-12.613,-41.535,89.6,PARNA DA CHAPADA DA DIAMANTINA
474,2018/09/18 15:24:00,NPP-375,Brasil,BAHIA,ITAETE,Caatinga,15,0.0,1.0,-12.99192,-41.16556,4.2,PARNA DA CHAPADA DA DIAMANTINA
475,2018/09/11 22:55:50,NOAA-18,Brasil,BAHIA,MUCUGE,Caatinga,6,0.0,1.0,-13.042747,-41.446907,,PARNA DA CHAPADA DA DIAMANTINA
476,2018/09/03 16:30:00,AQUA_M-T,Brasil,BAHIA,ITAETE,Caatinga,106,0.0,1.0,-13.197000000000001,-41.099,11.7,PARNA DA CHAPADA DA DIAMANTINA
477,2018/08/15 19:34:07,GOES-16,Brasil,BAHIA,PALMEIRAS,Caatinga,1,0.0,0.8,-12.6,-41.52,,PARNA DA CHAPADA DA DIAMANTINA
478,2018/09/21 16:06:00,NPP-375,Brasil,BAHIA,IBICOARA,Caatinga,34,0.0,1.0,-13.295639999999999,-41.3975,6.1,PARNA DA CHAPADA DA DIAMANTINA
479,2018/09/03 16:48:00,NPP-375,Brasil,BAHIA,ANDARAI,Caatinga,21,0.0,1.0,-13.01442,-41.184490000000004,4.1,PARNA DA CHAPADA DA DIAMANTINA
480,2018/07/12 04:06:00,NPP-375,Brasil,BAHIA,IBICOARA,Caatinga,62,0.0,1.0,-13.294479999999998,-41.39796,0.5,PARNA DA CHAPADA DA DIAMANTINA
481,2018/09/19 12:49:05,GOES-16,Brasil,BAHIA,MUCUGE,Caatinga,14,0.0,1.0,-12.99,-41.55,,PARNA DA CHAPADA DA DIAMANTINA
482,2018/08/15 16:00:00,NPP-375,Brasil,BAHIA,PALMEIRAS,Caatinga,2,0.0,0.9,-12.61027,-41.52787,7.5,PARNA DA CHAPADA DA DIAMANTINA
483,2018/08/16 01:25:00,TERRA_M-M,Brasil,BAHIA,PALMEIRAS,Caatinga,3,0.0,1.0,-12.607999999999999,-41.543,5.5,PARNA DA CHAPADA DA DIAMANTINA
484,2018/07/30 03:30:00,NPP-375,Brasil,BAHIA,MUCUGE,Caatinga,89,0.0,1.0,-12.99437,-41.547270000000005,7.2,PARNA DA CHAPADA DA DIAMANTINA
485,2018/08/15 16:00:00,NPP-375,Brasil,BAHIA,PALMEIRAS,Caatinga,2,0.0,1.0,-12.60774,-41.53678,18.9,PARNA DA CHAPADA DA DIAMANTINA
486,2019/06/20 23:18:46,NOAA-18,Brasil,BAHIA,MUCUGE,Caatinga,34,0.0,1.0,-13.108791,-41.461979,,PARNA DA CHAPADA DA DIAMANTINA
487,2019/06/22 03:45:59,NOAA-20,Brasil,BAHIA,MUCUGE,Caatinga,36,0.0,1.0,-13.10438,-41.42633,,PARNA DA CHAPADA DA DIAMANTINA
488,2019/07/30 17:00:00,NPP-375,Brasil,BAHIA,MUCUGE,Caatinga,68,0.0,1.0,-13.09912,-41.42712,7.2,PARNA DA CHAPADA DA DIAMANTINA
489,2019/06/22 03:45:59,NOAA-20,Brasil,BAHIA,MUCUGE,Caatinga,36,0.0,1.0,-13.100810000000001,-41.42566,,PARNA DA CHAPADA DA DIAMANTINA
490,2019/06/21 00:04:05,GOES-16,Brasil,BAHIA,MUCUGE,Caatinga,35,0.0,1.0,-13.1,-41.4,,PARNA DA CHAPADA DA DIAMANTINA
491,2019/09/18 16:24:00,NPP-375,Brasil,BAHIA,PALMEIRAS,Caatinga,37,0.0,1.0,-12.43144,-41.56374,3.9,PARNA DA CHAPADA DA DIAMANTINA
492,2019/09/05 17:06:00,NPP-375,Brasil,BAHIA,MUCUGE,Caatinga,111,0.0,0.9,-13.23364,-41.3612,9.7,PARNA DA CHAPADA DA DIAMANTINA
493,2019/06/21 03:18:00,NPP-375,Brasil,BAHIA,MUCUGE,Caatinga,35,0.0,1.0,-13.10184,-41.428290000000004,3.0,PARNA DA CHAPADA DA DIAMANTINA
494,2019/06/21 03:18:00,NPP-375,Brasil,BAHIA,MUCUGE,Caatinga,35,0.0,1.0,-13.10581,-41.42494,3.0,PARNA DA CHAPADA DA DIAMANTINA
495,2019/08/03 21:44:05,GOES-16,Brasil,BAHIA,MUCUGE,Caatinga,55,0.0,1.0,-13.03,-41.42,,PARNA DA CHAPADA DA DIAMANTINA
496,2019/06/20 23:54:05,GOES-16,Brasil,BAHIA,MUCUGE,Caatinga,34,0.0,1.0,-13.1,-41.4,,PARNA DA CHAPADA DA DIAMANTINA
497,2019/06/20 23:14:04,GOES-16,Brasil,BAHIA,MUCUGE,Caatinga,34,0.0,1.0,-13.1,-41.4,,PARNA DA CHAPADA DA DIAMANTINA
498,2019/08/25 21:04:09,MSG-03,Brasil,BAHIA,MUCUGE,Caatinga,100,0.1,1.0,-13.1,-41.5,,PARNA DA CHAPADA DA DIAMANTINA
499,2019/06/20 22:44:05,GOES-16,Brasil,BAHIA,MUCUGE,Caatinga,34,0.0,1.0,-13.09,-41.41,,PARNA DA CHAPADA DA DIAMANTINA
500,2019/06/21 17:34:05,GOES-16,Brasil,BAHIA,MUCUGE,Caatinga,34,0.0,1.0,-13.0,-41.55,,PARNA DA CHAPADA DA DIAMANTINA
501,2019/08/25 03:45:30,NOAA-20,Brasil,BAHIA,MUCUGE,Caatinga,99,0.0,1.0,-13.2425,-41.32318,,PARNA DA CHAPADA DA DIAMANTINA
502,2019/06/20 22:32:59,NOAA-15,Brasil,BAHIA,MUCUGE,Caatinga,34,0.0,1.0,-13.093274000000001,-41.468216,,PARNA DA CHAPADA DA DIAMANTINA
503,2019/07/17 16:00:00,NPP-375,Brasil,BAHIA,IBICOARA,Caatinga,21,0.0,1.0,-13.32577,-41.36712,4.9,PARNA DA CHAPADA DA DIAMANTINA
504,2019/06/27 15:36:00,NPP-375,Brasil,BAHIA,PALMEIRAS,Caatinga,41,0.0,1.0,-12.692060000000001,-41.49197,10.7,PARNA DA CHAPADA DA DIAMANTINA
505,2019/07/12 03:24:00,NPP-375,Brasil,BAHIA,MUCUGE,Caatinga,50,0.0,1.0,-13.10635,-41.42334,2.1,PARNA DA CHAPADA DA DIAMANTINA
506,2019/06/20 22:34:05,GOES-16,Brasil,BAHIA,MUCUGE,Caatinga,34,0.0,1.0,-13.1,-41.4,,PARNA DA CHAPADA DA DIAMANTINA
507,2019/08/08 16:35:16,NOAA-20,Brasil,BAHIA,MUCUGE,Caatinga,77,0.0,1.0,-13.10438,-41.4237,,PARNA DA CHAPADA DA DIAMANTINA
508,2019/06/20 23:18:46,NOAA-18,Brasil,BAHIA,MUCUGE,Caatinga,34,0.0,1.0,-13.107379000000002,-41.452271,,PARNA DA CHAPADA DA DIAMANTINA
509,2019/06/20 23:04:04,GOES-16,Brasil,BAHIA,MUCUGE,Caatinga,34,0.0,1.0,-13.09,-41.41,,PARNA DA CHAPADA DA DIAMANTINA
510,2019/06/21 21:44:04,GOES-16,Brasil,BAHIA,MUCUGE,Caatinga,35,0.0,1.0,-13.1,-41.4,,PARNA DA CHAPADA DA DIAMANTINA
511,2019/09/05 17:06:00,NPP-375,Brasil,BAHIA,MUCUGE,Caatinga,111,0.0,0.9,-13.234210000000001,-41.36233,7.8,PARNA DA CHAPADA DA DIAMANTINA
512,2019/06/20 22:32:59,NOAA-15,Brasil,BAHIA,MUCUGE,Caatinga,34,0.0,1.0,-13.088355,-41.443481,,PARNA DA CHAPADA DA DIAMANTINA
513,2019/06/20 23:04:04,GOES-16,Brasil,BAHIA,MUCUGE,Caatinga,34,0.0,1.0,-13.1,-41.4,,PARNA DA CHAPADA DA DIAMANTINA
514,2019/06/20 22:14:05,GOES-16,Brasil,BAHIA,MUCUGE,Caatinga,34,0.0,1.0,-13.09,-41.41,,PARNA DA CHAPADA DA DIAMANTINA
515,2019/06/20 22:32:59,NOAA-15,Brasil,BAHIA,MUCUGE,Caatinga,34,0.0,1.0,-13.097949,-41.440773,,PARNA DA CHAPADA DA DIAMANTINA
516,2019/06/21 04:04:54,NOAA-20,Brasil,BAHIA,MUCUGE,Caatinga,35,0.0,1.0,-13.09879,-41.4234,,PARNA DA CHAPADA DA DIAMANTINA
517,2019/06/20 23:18:46,NOAA-18,Brasil,BAHIA,MUCUGE,Caatinga,34,0.0,1.0,-13.099088,-41.46413,,PARNA DA CHAPADA DA DIAMANTINA
518,2019/06/21 04:04:54,NOAA-20,Brasil,BAHIA,MUCUGE,Caatinga,35,0.0,1.0,-13.10218,-41.42391,,PARNA DA CHAPADA DA DIAMANTINA
519,2019/06/20 22:34:05,GOES-16,Brasil,BAHIA,MUCUGE,Caatinga,34,0.0,1.0,-13.1,-41.43,,PARNA DA CHAPADA DA DIAMANTINA
520,2019/08/23 13:30:00,TERRA_M-T,Brasil,BAHIA,MUCUGE,Caatinga,98,0.0,1.0,-13.138,-41.464,37.3,PARNA DA CHAPADA DA DIAMANTINA
521,2019/06/27 16:20:36,NOAA-20,Brasil,BAHIA,MUCUGE,Caatinga,41,0.0,0.9,-12.968860000000001,-41.477090000000004,,PARNA DA CHAPADA DA DIAMANTINA
522,2019/06/21 03:18:00,NPP-375,Brasil,BAHIA,MUCUGE,Caatinga,35,0.0,1.0,-13.09903,-41.42797,3.0,PARNA DA CHAPADA DA DIAMANTINA
523,2019/06/21 03:18:00,NPP-375,Brasil,BAHIA,MUCUGE,Caatinga,35,0.0,1.0,-13.099969999999999,-41.42344,3.0,PARNA DA CHAPADA DA DIAMANTINA
524,2019/06/21 04:04:54,NOAA-20,Brasil,BAHIA,MUCUGE,Caatinga,35,0.0,1.0,-13.0954,-41.42288,,PARNA DA CHAPADA DA DIAMANTINA
525,2019/08/25 13:15:00,TERRA_M-T,Brasil,BAHIA,MUCUGE,Caatinga,100,0.1,1.0,-13.225999999999999,-41.357,10.4,PARNA DA CHAPADA DA DIAMANTINA
526,2019/07/12 04:10:06,NOAA-20,Brasil,BAHIA,MUCUGE,Caatinga,49,0.0,1.0,-13.10505,-41.42135,,PARNA DA CHAPADA DA DIAMANTINA
527,2019/06/20 22:44:05,GOES-16,Brasil,BAHIA,MUCUGE,Caatinga,34,0.0,1.0,-13.1,-41.4,,PARNA DA CHAPADA DA DIAMANTINA
528,2019/08/20 15:24:00,NPP-375,Brasil,BAHIA,MUCUGE,Caatinga,89,0.0,1.0,-13.10207,-41.42503,7.1,PARNA DA CHAPADA DA DIAMANTINA
529,2019/06/20 22:14:05,GOES-16,Brasil,BAHIA,MUCUGE,Caatinga,34,0.0,1.0,-13.1,-41.4,,PARNA DA CHAPADA DA DIAMANTINA
530,2019/06/20 22:04:05,GOES-16,Brasil,BAHIA,MUCUGE,Caatinga,34,0.0,1.0,-13.1,-41.4,,PARNA DA CHAPADA DA DIAMANTINA
531,2019/07/12 03:24:00,NPP-375,Brasil,BAHIA,MUCUGE,Caatinga,50,0.0,1.0,-13.1026,-41.42532,2.8,PARNA DA CHAPADA DA DIAMANTINA
532,2019/06/27 15:36:00,NPP-375,Brasil,BAHIA,MUCUGE,Caatinga,41,0.0,0.9,-12.970130000000001,-41.4795,2.7,PARNA DA CHAPADA DA DIAMANTINA
533,2019/06/21 17:34:05,GOES-16,Brasil,BAHIA,MUCUGE,Caatinga,34,0.0,1.0,-12.99,-41.55,,PARNA DA CHAPADA DA DIAMANTINA
534,2019/07/17 16:44:43,NOAA-20,Brasil,BAHIA,IBICOARA,Caatinga,22,0.0,1.0,-13.325239999999999,-41.36676,,PARNA DA CHAPADA DA DIAMANTINA
535,2019/06/22 03:45:59,NOAA-20,Brasil,BAHIA,MUCUGE,Caatinga,36,0.0,1.0,-13.1001,-41.4299,,PARNA DA CHAPADA DA DIAMANTINA
536,2019/06/21 04:04:54,NOAA-20,Brasil,BAHIA,MUCUGE,Caatinga,35,0.0,1.0,-13.09935,-41.4197,,PARNA DA CHAPADA DA DIAMANTINA
537,2019/06/21 03:18:00,NPP-375,Brasil,BAHIA,MUCUGE,Caatinga,35,0.0,1.0,-13.102739999999999,-41.42374,3.0,PARNA DA CHAPADA DA DIAMANTINA
538,2019/08/08 16:32:25,NOAA-20,Brasil,BAHIA,MUCUGE,Caatinga,77,0.0,1.0,-13.104389999999999,-41.42372,,PARNA DA CHAPADA DA DIAMANTINA
539,2019/06/20 22:04:05,GOES-16,Brasil,BAHIA,MUCUGE,Caatinga,34,0.0,1.0,-13.09,-41.41,,PARNA DA CHAPADA DA DIAMANTINA
540,2019/06/21 04:04:54,NOAA-20,Brasil,BAHIA,MUCUGE,Caatinga,35,0.0,1.0,-13.098230000000001,-41.42709,,PARNA DA CHAPADA DA DIAMANTINA
541,2019/06/21 03:18:00,NPP-375,Brasil,BAHIA,MUCUGE,Caatinga,35,0.0,1.0,-13.0969,-41.42222,1.7,PARNA DA CHAPADA DA DIAMANTINA
542,2019/06/20 23:18:46,NOAA-18,Brasil,BAHIA,MUCUGE,Caatinga,34,0.0,1.0,-13.100502,-41.47385,,PARNA DA CHAPADA DA DIAMANTINA
543,2019/06/20 23:34:05,GOES-16,Brasil,BAHIA,MUCUGE,Caatinga,34,0.0,1.0,-13.09,-41.41,,PARNA DA CHAPADA DA DIAMANTINA
544,2019/07/12 03:24:00,NPP-375,Brasil,BAHIA,MUCUGE,Caatinga,49,0.0,1.0,-13.10331,-41.42178,1.4,PARNA DA CHAPADA DA DIAMANTINA
545,2019/08/25 04:36:00,NPP-375,Brasil,BAHIA,MUCUGE,Caatinga,98,0.0,1.0,-13.242029999999998,-41.32071,1.7,PARNA DA CHAPADA DA DIAMANTINA
546,2019/07/12 04:10:06,NOAA-20,Brasil,BAHIA,MUCUGE,Caatinga,50,0.0,1.0,-13.10445,-41.42556,,PARNA DA CHAPADA DA DIAMANTINA
547,2019/06/21 03:18:00,NPP-375,Brasil,BAHIA,MUCUGE,Caatinga,35,0.0,1.0,-13.10091,-41.41888,2.9,PARNA DA CHAPADA DA DIAMANTINA
548,2019/06/20 23:14:04,GOES-16,Brasil,BAHIA,MUCUGE,Caatinga,34,0.0,1.0,-13.09,-41.41,,PARNA DA CHAPADA DA DIAMANTINA
549,2019/09/18 16:24:00,NPP-375,Brasil,BAHIA,PALMEIRAS,Caatinga,38,0.0,1.0,-12.43011,-41.56438,4.5,PARNA DA CHAPADA DA DIAMANTINA
550,2019/06/27 15:36:00,NPP-375,Brasil,BAHIA,MUCUGE,Caatinga,41,0.0,1.0,-12.9689,-41.479459999999996,4.6,PARNA DA CHAPADA DA DIAMANTINA
551,2019/06/20 23:34:05,GOES-16,Brasil,BAHIA,MUCUGE,Caatinga,34,0.0,1.0,-13.1,-41.4,,PARNA DA CHAPADA DA DIAMANTINA
552,2019/09/17 15:43:55,NOAA-20,Brasil,BAHIA,NOVA REDENCAO,Caatinga,34,0.0,1.0,-12.86776,-41.22263,,PARNA DA CHAPADA DA DIAMANTINA
553,2019/06/20 22:34:05,GOES-16,Brasil,BAHIA,MUCUGE,Caatinga,34,0.0,1.0,-13.09,-41.41,,PARNA DA CHAPADA DA DIAMANTINA
554,2019/06/20 23:18:46,NOAA-18,Brasil,BAHIA,MUCUGE,Caatinga,34,0.0,1.0,-13.097674000000001,-41.454426,,PARNA DA CHAPADA DA DIAMANTINA
555,2019/09/05 17:06:00,NPP-375,Brasil,BAHIA,MUCUGE,Caatinga,111,0.0,0.9,-13.233039999999999,-41.35674,10.8,PARNA DA CHAPADA DA DIAMANTINA
556,2019/06/21 04:04:54,NOAA-20,Brasil,BAHIA,MUCUGE,Caatinga,35,0.0,1.0,-13.102739999999999,-41.42022,,PARNA DA CHAPADA DA DIAMANTINA
557,2019/08/25 03:45:30,NOAA-20,Brasil,BAHIA,MUCUGE,Caatinga,98,0.0,1.0,-13.243229999999999,-41.318909999999995,,PARNA DA CHAPADA DA DIAMANTINA
558,2019/06/20 22:32:59,NOAA-15,Brasil,BAHIA,MUCUGE,Caatinga,34,0.0,1.0,-13.10287,-41.465508,,PARNA DA CHAPADA DA DIAMANTINA
559,2019/07/12 03:24:00,NPP-375,Brasil,BAHIA,MUCUGE,Caatinga,50,0.0,1.0,-13.10568,-41.42687,3.7,PARNA DA CHAPADA DA DIAMANTINA
560,2019/06/21 01:45:00,TERRA_M-M,Brasil,BAHIA,MUCUGE,Caatinga,35,0.0,1.0,-13.097000000000001,-41.418,26.0,PARNA DA CHAPADA DA DIAMANTINA
561,2019/06/21 03:18:00,NPP-375,Brasil,BAHIA,MUCUGE,Caatinga,35,0.0,1.0,-13.095989999999999,-41.42677,1.7,PARNA DA CHAPADA DA DIAMANTINA
